filename,path,bytes,pages,encrypted,title_metadata,author_metadata,creator_metadata,producer_metadata,outline_items_top_level,page_sizes,total_text_chars,median_text_chars_per_page,text_pages,low_text_pages,image_pages,total_embedded_images,extraction_class,question_number_markers,type_heading_markers,solution_markers,copyright_or_source_markers,extraction_errors,sample_text
4类数列综合（数列不等式的证明、不等式放缩、参数求解、三角函数综合）（解析版）(1).pdf,D:\高中数学\2026-08\4类数列综合（数列不等式的证明、不等式放缩、参数求解、三角函数综合）（解析版）(1).pdf,502495,27,False,更多见微信号：alarmact，微信号：abcshuxue，微信号：antshuxue，微信号：AA-teacher,更多见微信号：alarmact，微信号：abcshuxue，微信号：antshuxue，微信号：AA-teacher,WPS 文字,,0,595.3x841.9,23887,922,27,0,10,16,text_layer_good,19,0,91,14,,"类数列综合 4 （数列中不等式的证明、不等式放缩、参数求解、三角函数综合） 技法 01 数列中不等式的证明 技法 02 数列中的不等式放缩 技法 03 数列中的参数求解 技法 04 数列与三角函数综合 技法 01 数列中不等式的证明 数列不等式的证明是高中数学教学中极其重要的一部分，它不仅涉及到数学知识的综合运用，还要求学 生具备严谨的逻辑思维和灵活的解题技巧。难度中等偏上、需强加练习. S 例 1．（2023·全国·模拟预测）已知正项数列a 的前 n 项和为S ，且满足 n  2n 1． n n a n (1)证明：数列a 为等比数列； n 1 a 2 (2)若a a  ,b  n1 ，数列b 的前 n 项和为T ，证明： T 1． 1 2 4 n S S n n 3 n n n1 S 【详解】（1）由 n  2n 1得S   2n 1  a ，则当n  2时，有S   2n1 1  a ， a n n n1 n1 n 两式相减得S  S  a   2n 1  a   2n1 1  a ， n n1 n n n1 整理得  2n 2  a   2n1 1  a ，即 a n  2n1 1  1 ， n n1 a 2n 2 2 n1 因此数列a 是以 1 为公比的等比数列． n 2 1 1 （2）由（1）及a a  可得a  ， 1 2 4 1 2  n 1  1 1   因此 1  1 n1  1 n 2   2   1 n ． a       ,S  1  n 2  2  2 n 1  2 1 2 n1  1   a  2 1 1 于是b  n1    ， n S n S n1  1   1  n   1   1  n1  1   1  n 1   1  n1   2   2   2  2 1 1 1 1 1 1 T b b Lb       所以 n 1 2 n  1 1  1 2  1 2  1 3  1 3  1 4 1  1  1  1  1  1   2  2  2  2  2  2 1 1 1 L  2   1  n  1  n1  1  n1， 1  1  1   2   2   2  n1 n1  1  1 3  1  1 4 2 1 0     , 1  1,1  ,  2 1 由于nN*，所以  2  4 4  2   1  n1 3 3  1  n1 ， 1  1   2   2  2 故 T 1． 3 n 1．（2024·福建漳州·统考模拟预测）已知数列a 的前n项和为S ，满足a  S n  n 1  nN*，且a 为 n n n1 n 4 a ，a 的等比中项. 2 8 (1)求数列a 的通项公式； n  1  1 (2)设T 为数列  的前n项和，证明：T  . n a a  n 8 n n1 【答案】(1)a  2n，nN* n (2)证明见解析 【分析】（1）借助a 与S 的关系与等比中项的性质计算即可得； n n （2）借助裂项相消法可求得T ，结合函数的单调性即可得证. n S 【详解】（1）因为a  n  n1，所以na  S n(n1)，① n1 n n1 n 当n  2时，(n1)a  S n(n1) ，② n n1 ①－②得na (n1)a  a 2n，化简可得a a  2，n  2， n1 n n n1 n 且当n 1时，a a  2 满足上式， 2 1 所以数列a 是公差为 2 的等差数列， n 由题可得a a a"
专题 数列（解析版）(1).pdf,D:\高中数学\2026-08\专题 数列（解析版）(1).pdf,1077041,28,False,Untitled,,EduEditer 2.0.6.X,EduEditer 2.0.6.X,0,595.3x841.9,42956,1501.0,28,0,5,5,text_layer_good,4,0,152,0,,"专题 数列 一、单选题 1 (全国甲卷数学(文))等差数列 a n 1  的前n项和为S ，若S =1，a +a = ( ) n 9 3 7 7 2 A. -2 B. C. 1 D. 3 9 【答案】D 【分析】可以根据等差数列的基本量，即将题目条件全转化成 a 和d来处理，亦可用等差数列的性质进行处 1 理，或者特殊值法处理. 【详解】方法一：利用等差数列的基本量 9×8 由S =1，根据等差数列的求和公式，S =9a + d=1⇔9a +36d=1， 9 9 1 2 1 2 2 又a +a =a +2d+a +6d=2a +8d= (9a +36d)= . 3 7 1 1 1 9 1 9 故选：D 方法二：利用等差数列的性质 根据等差数列的性质，a +a =a +a ，由S =1，根据等差数列的求和公式， 1 9 3 7 9 9(a +a ) 9(a +a ) 2 S = 1 9 = 3 7 =1，故a +a = . 9 2 2 3 7 9 故选：D 方法三：特殊值法 1 2 不妨取等差数列公差d=0，则S =1=9a ⇒a = ，则a +a =2a = . 9 1 1 9 3 7 1 9 故选：D 2 (全国甲卷数学(理))等差数列 a n  的前n项和为S ，若S =S ，a =1，则a = ( ) n 5 10 5 1 7 A. -2 B. C. 1 D. 2 3 【答案】B 【分析】由S =S 结合等差中项的性质可得a =0，即可计算出公差，即可得a 的值. 5 10 8 1 【详解】由S -S =a +a +a +a +a =5a =0，则a =0， 10 5 6 7 8 9 10 8 8 则等差数列 a n  a -a 1 1 的公差d= 8 5 =- ，故a =a -4d=1-4× - 3 3 1 5 3  7 = . 3 故选：B. S-1 3 (新高考北京卷)记水的质量为d= ，并且d越大，水质量越好．若S不变，且d =2.1，d =2.2， lnn 1 2 则n 与n 的关系为 ( ) 1 2 A. n <n B. n >n 1 2 1 2 C. 若S<1，则n <n ；若S>1，则n >n ； D. 若S<1，则n >n ；若S>1，则n <n ； 1 2 1 2 1 2 1 2 【答案】C S-1 n =e 2.1 【分析】根据题意分析可得  1 ，讨论S与1的大小关系，结合指数函数单调性分析判断. S-1 n =e 2.2 2 【详解】由题意可得   d 1 = S ln - n 1 1 =2.1 ，解得   n 1 =e S 2 - .1 1 ， d = S-1 =2.2 S-1 2 lnn 2 n 2 =e 2.2 S-1 S-1 S-1 S-1 若S>1，则 > ，可得e 2.1 >e 2.2 ，即n >n ； 2.1 2.2 1 2 S-1 S-1 若S=1，则 = =0，可得n =n =1； 2.1 2.2 1 2 S-1 S-1 S-1 S-1 若S<1，则 < ，可得e 2.1 <e 2.2 ，即n <n ； 2.1 2.2 1 2 结合选项可知C正确，ABD错误； 故选：C. 二、填空题 4 (新课标全国Ⅱ卷)记S 为等差数列{a }的前n项和，若a +a =7，3a +a =5，则S = . n n 3 4 2 5 10 【答案】95 【分析】利用等差数列通项公式得到方程组，解出 a ,d，再利用等差数列的求和公式节即可得到答案. 1 a +2d+a +3d=7 【详解】因为数列a 为等差数列，则由题意得 1 1 n 3a 1 +d 2   ，解得  a 1 =-4 ，   +a +4d=5 d=3 1 10×9 则S 10 =10a 1 + 2 d=10× -4  +45×3=95. 故答案为：95. 5 (新高考上海卷)无穷等比数列 a n  满足首项a 1 >0,q>1，记I n = x-y x,y∈ a 1 ,a 2   ∪ a n ,a n+1    ， 若对任意正整数n集合I 是闭区间，则q的取值范围是 ． n 【答案】q≥2 【分析】当n≥2时，不妨设x≥y，则x-y∈ 0,a 2 -a 1  ∪"
专题01 集合与逻辑用语（选填题7种考法）（老师版）(1).pdf,D:\高中数学\2026-08\专题01 集合与逻辑用语（选填题7种考法）（老师版）(1).pdf,1380557,24,False,,,WPS 文字,macOS 版本12.7.4（版号21H1123） Quartz PDFContext,0,595.3x841.9,20636,940.5,23,1,7,14,text_layer_good,36,0,140,0,,"专题 01 集合与逻辑用语（选填题 7 种考法） 考法一 集合运算综合 【例 1-1】（2022·天津·统考高考真题）设全集U ={-2,-1,0,1,2 } ，集合 A0,1,2, B=1,2 ，则 A∩ð B  （ ） U A． 0，1 B． 0,1,2 C． 1,1,2 D． 0,1,1,2 【答案】A 【解析】ð B 2,0,1 ，故 A∩ð B  0,1 ，故选：A. U U 【例 1-2】（2023·贵州毕节·统考一模）设集合 A 2,1,0,1,2 ，B   x | 2x2 5x  0  ，则 Að B  （ ） R A． 0,1,2 B． 1,2 C． 2,1,0 D． 2,1 【答案】D 5  5 5 【解析】2x2 5x  0，解得：0  x  ，所以B  x 0 x   ，所以ð B={x x  0或 x  }， 2  2 R 2 因为 A 2,1,0,1,2 ，所以 Að B  2, 1 .故选：D R     【例 1-3】（2023·全国·模拟预测）已知集合 A  x x2  3x  2 0 ，B  y y  2x ，则 A∩ð B  （ ） R A．  2, B． ,0 C． ,0 D． ,02, 【答案】B 【解析】由不等式 x2 3x  2  0，解得 x 1或 x  2，所以集合 A  ,1    2, ． 由 y  2x 得 y  0 ，所以 B  0, ，所以ð B  ,0  ，所以 Að B ,0  ，故选：B． R R 【例 1-4】（2023·湖南长沙·统考一模）设集合 A x, y y  x  ，B  x,y y  x3  ，则 AB的元素个数是 （ ） A．1 B．2 C．3 D．4 【答案】C y  x 【解析】联立 ，即 x  x3，解得：x  0或1，即 A∩B 0,0,1,1,1,1 ，故 AB的元素个数为 3. y  x3 故选：C 考法二 （真）子集问题 【例 2-1】（2023·甘肃兰州·校考一模）已知集合 A   xR log 2 x  2  ，B 1,0,1,2,3 ，则 AB真子 2 集的个数（ ） A．8 B．7 C．4 D．6 【答案】B 【解析】由题log 2  x2 ，则0  2 x  4，得2 x  2，所以 A  xR 2  x  2  ， 2 A B  xR 2  x  2 1,0,1,2,31,0,1 ，所以 AB真子集的个数为23 1 7 ．故选：B. 【例 2-2】（2023·广东深圳·统考一模）满足等式 0,1 X   xR x3  x  的集合 X 共有（ ） A．1 个 B．2 个 C．3 个 D．4 个 【答案】D 【解析】方程 x3  x 的实数根有 x  0,x 1,x  1，解集构成的集合为 0,1,1 ，即 0,1 X 0,1,1 ，则 符合该等式的集合 X 为 X 1 ， X 0,1 ， X 0,1 ， X 0,1,1 ，故这样的集合 X 共有 4 个. 故选：D. 【例 2-3】（2023·山东·潍坊一中校联考模拟预测）设集合M   xZ∣x2 100  2x ，则M 的所有子集的个 数为（ ） A．3 B．4 C．8 D．16 【答案】C 【解析】解不等式 x2 100 得10  x 10，解不等式100  2x得 x  log 100 ，由于log 26  log 100  log 27 , 2 2 2 2 所以，M   xZ∣x2 100  2x  xZ∣log 100  x 10  7,8,9 ，所以，M 的所有子集的个数为23 "
专题练习：导数27个专题（解析）_(1).pdf,D:\高中数学\2026-08\专题练习：导数27个专题（解析）_(1).pdf,1954014,202,False,,,,,0,595.3x841.9,253585,1282.5,202,0,5,7,text_layer_good,364,0,884,0,,目录 专题 1 : 切线问题1 专题 2 : 函数的图像 3 专题 3 : 单调性问题 9 专题 4 : 函数的极值问题 11 专题 5 : 函数的最值14 专题 6 : 三次函数 18 专题 7 : 零点问题 20 专题 8 : 恒成立与存在性问题 26 专题 9 : 构造函数解不等式 30 专题 10 : 有关距离问题 34 专题 11 : 参数的值或范围问题 36 专题 12 : 分离参数法
函数性质的八大题型综合应用（解析版）(1).pdf,D:\高中数学\2026-08\函数性质的八大题型综合应用（解析版）(1).pdf,622965,32,False,Untitled,,EduEditer 2.0.6.X,EduEditer 2.0.6.X,9,595.3x841.9,35734,1120.5,32,0,6,10,text_layer_good,10,16,70,0,,"函数性质的八大题型综合应用 题型梳理 【题型1 函数的单调性的综合应用】 【题型2 函数的最值问题】 【题型3 函数的奇偶性的综合应用】 【题型4 函数的对称性的应用】 【题型5 对称性与周期性的综合应用】 【题型6 类周期函数】 【题型7 抽象函数的性质】 【题型8 函数性质的综合应用】 命题规律 从近几年的高考情况来看，本节是高考的一个热点内容，函数的单调性、奇偶性、对称性与周期性是 高考的必考内容，重点关注单调性、奇偶性结合在一起，与函数图象、函数零点和不等式相结合进行考查， 解题时要充分运用转化思想和数形结合思想，灵活求解．对于选择题和填空题部分，重点考查基本初等 函数的单调性、奇偶性，主要考察方向是：判断函数单调性及求最值、解不等式、求参数范围等，难度较小； 对于解答题部分，一般与导数相结合，考查难度较大. 知识梳理 【知识点 1 函数的单调性与最值的求解方法】 1. 求函数的单调区间 求函数的单调区间，应先求定义域，在定义域内求单调区间. 2. 函数单调性的判断 (1)函数单调性的判断方法：①定义法；②图象法；③利用已知函数的单调性；④导数法. (2) 函数 y = f(g(x)) 的单调性应根据外层函数 y = f(t) 和内层函数 t = g(x) 的单调性判断，遵循“同增 异减”的原则. (3)函数单调性的几条常用结论： ①若 f(x)是增函数，则-f(x)为减函数；若 f(x)是减函数，则-f(x)为增函数； ②若 f(x)和 g(x)均为增(或减)函数，则在 f(x)和 g(x)的公共定义域上 f(x)+ g(x)为增(或减)函数； 1 1 ③若 f(x)>0且 f(x)为增函数，则函数 f(x) 为增函数， 为减函数； f(x) 1 ④若 f(x)>0且 f(x)为减函数，则函数 f(x) 为减函数， 为增函数． f(x) 3. 求函数最值的三种基本方法： (1)单调性法：先确定函数的单调性，再由单调性求最值. (2)图象法：先作出函数的图象，再观察其最高点、最低点，求出最值. (3)基本不等式法：先对解析式变形，使之具备“一正二定三相等”的条件后用基本不等式求出最值. 4. 复杂函数求最值： 对于较复杂函数，可运用导数，求出在给定区间上的极值，最后结合端点值，求出最值. 【知识点 2 函数的奇偶性及其应用】 1. 函数奇偶性的判断 判断函数的奇偶性，其中包括两个必备条件： (1)定义域关于原点对称，这是函数具有奇偶性的必要不充分条件，所以首先考虑定义域； (2) 判断 f(x) 与 f(-x) 是否具有等量关系，在判断奇偶性的运算中，可以转化为判断奇偶性的等价等 量关系式(f(x)+ f(-x)=0(奇函数)或 f(x)- f(-x)=0(偶函数))是否成立. (3)运算函数的奇偶性规律：运算函数是指两个(或多个)函数式通过加、减、乘、除四则运算所得的函 数，如 f(x)+ g(x),f(x)- g(x),f(x)× g(x),f(x)÷ g(x)． 对于运算函数有如下结论：奇±奇=奇；偶±偶=偶；奇±偶=非奇非偶；奇×(÷)奇=偶；奇×(÷) 偶=奇；偶×(÷)偶=偶． (4)复合函数y= f[g(x)]的奇偶性原则：内偶则偶，两奇为奇． (5)常见奇偶性函数模型 ax+1 奇函数：①函数 f(x)=m ax-1 2  ax-1 (x≠0)或函数 f(x)=m ax+1  ． ②函数 f(x)=±(ax-a-x)． x+m 2m ③函数 f(x)=log =log 1+ a x-m a x-m  x-m 2m 或函数 f(x)=log =log 1- a x+m a x+m  ④函数 f(x)=log ( x2+1 +x)或函数 f(x)=log ( x2+1 -x)． a a 2. 函数奇偶性的应用 (1) 利用函数的奇偶性可求函数值或求参数的取值，求解的关键在于借助奇偶性转化为求已知区间上 的函数或得到参数的恒等式，利用方程思想求参数的值. (2)画函数图象：利用函数的奇偶性可画出函数在其对称区间上的图象，结合几何直观求解相关问题. 【知识点 3 函数的周期性与对称性常用结论】 1. 函数的周期性常用结论(a是不为0的常数) (1)若 f(x+a)= f(x)，则T=a； (2)若"
函数性质的综合应用 解析版(1).pdf,D:\高中数学\2026-08\函数性质的综合应用 解析版(1).pdf,579912,30,False,Untitled,,EduEditer 2.0.6.X,EduEditer 2.0.6.X,0,595.3x841.9,40288,1330.5,30,0,10,12,text_layer_good,1,4,175,0,,"重难点 函数性质的综合应用 【考试提醒】 函数性质的综合应用是历年高考的一个热点内容，经常以客观题出现，通过分析函数的性质特点，结合图 象研究函数的性质，往往多种性质结合在一起进行考查． 【核心题型】 题型一 函数的奇偶性与单调 (1) 解抽象函数不等式，先把不等式转化为 f(g(x)) > f(h(x))，利用单调性把不等式的函数符号“f”脱掉，得到 具体的不等式(组)． (2) 比较大小，利用奇偶性把不在同一单调区间上的两个或多个自变量的函数值转化到同一单调区间上，进而 利用其单调性比较大小． 1 (2024·吉林长春·模拟预测) 已知函数 f x 1  = 3x-3-x  ，则不等式 f 2x-1  - f x  > 0 的解集为 ( ) 1 A. -∞, 3  ∪ 1,+∞  1 B. -∞, 3  1 C.  ，1 3  D. 1，+∞  【答案】A 【分析】判断 fx  的奇偶性和单调性，再根据函数性质求解不等式即可. 【详解】fx  = 3x-3-x  ，定义域为R，又 f-x  = 3-x-3x  = fx  ，故y= fx  为偶函数； 又当x>0时，y=3x,y=-3-x均为单调增函数，故 gx  =3x-3-x为 0,+∞  上的单调增函数； 又 g0  =0，故当x>0时，gx  >0，则此时y= fx  = gx  为 0,+∞  上的单调增函数，故x<0时，y = fx  为单调减函数； f2x-1  - fx  >0，即 f2x-1  > fx  ，则 2x-1  > x  ，即 2x-1  2>x2，3x2-4x+1>0， 也即 3x-1  x-1  1 >0，解得x∈ -∞, 3  ∪ 1,+∞  . 故选：A. 【变式训练】 1 (2024·辽宁大连·一模)设函数 f(x)=sinπx+e3x-3-e3-3x-x+3则满足 f(x)+ f(3-2x)<4的x 的取值范围是 ( ) A. (3,+∞) B. (-∞,3) C. (1,+∞) D. (-∞,1) 【答案】C 【分析】观察题设条件与所求不等式，构造函数 gx  = fx+1  -2，利用奇偶性的定义与导数说明其奇偶性 和单调性，从而将所求转化为 gx-1  < g2x-2  ，进而得解. 【详解】因为 f(x)=sinπx+e3x-3-e3-3x-x+3， 所以 fx+1  =sinπx+π  +e3x+3-3-e3-3x-3-x-1+3 =-sinπx+e3x-e-3x-x+2， 设 gx  = fx+1  -2=-sinπx+e3x-e-3x-x，显然定义域为R，gx-1  = fx  -2， 又 g(-x)=-sin-πx  +e-3x-e3x+x=--sinπx+e3x-e-3x-x  =-g(x)， 所以 gx 2  为R上的奇函数， 又 g(x)=-πcosπx+3e3x+3e-3x-1≥-πcosx+2 3e3x⋅3e-3x -1=5-πcosx>0， 所以 gx  在R上单调递增， 又 f(x)+ f(3-2x)<4，则 f(x)-2  + f(3-2x)-2  <0， 所以 gx-1  + g2-2x  <0，即 gx-1  <-g2-2x  = g2x-2  ， 所以x-1<2x-2，解得x>1， 则满足 f(x)+ f(3-2x)<4的x的取值范围是(1,+∞)． 故选：C． 2 (2024高三·全国·专题练习)已知定义在R上的函数 f(x)，其导函数为 f(x)．若 f(x)= f(-x)- π 2sinx，且当x≥0时，有 f(x)+cosx>0成立，则不等式 fx+ 2  > f(x)+sinx-cosx的解集为 ( ) π A. -∞, 2  π B.  ,+∞ 2  π C. -∞, 4  π D. - ,+∞ 4  【答案】D 【分析】设 g(x)= f(x)+sinx，由题意，得出 gx  为定义在R上的偶函数，且在 0,+∞  上单调递增，再把不"
大题 函数与导数（解析版）(1).pdf,D:\高中数学\2026-08\大题 函数与导数（解析版）(1).pdf,715984,53,False,Untitled,,EduEditer 2.0.6.X,EduEditer 2.0.6.X,2,595.3x841.9,65756,1255,53,0,22,38,text_layer_good,15,20,212,0,,"函数与导数 函数与导数问题是高考数学的必考内容。从近几年的高考情况来看，在大题中考查内容主要有主要利 用导数研究函数的单调性、极值与最值、不等式及函数零点等内容。此类问题体现了分类讨论、转化与 化归的数学思想，难度较大。 题型一：利用导数研究函数的单调性 题型二：利用导数研究函数的极值 题型三：利用导数研究函数的最值 题型四：利用导数解决恒成立与能成立 题型五：利用导数求解函数的零点 题型六：利用导数证明不等式 题型七：利用导数研究双变量问题 题型八：利用导数研究极值点偏移问题 题型九：隐零点问题综合应用 题型十：导数与数列综合问题 题型一：利用导数研究函数的单调性 x2 1 (2024·河南郑州·高三校联考阶段练习)已知函数 f(x)= +ax-(ax+1)lnx在x=1处的切线方程 2 5 为y=bx+ (a,b∈R). 2 (1)求a，b的值； (2)证明：fx 1  在 1,+∞  上单调递增. 【思路分析】 f 1 (1)求出函数的导函数，依题意可得  =b f1    =b+ 5 ，即可得到方程组，解得即可； 2 (2)令 gx  1 =x- -2lnx，x∈ 1,+∞ x  ，利用导数说明函数的单调性，即可得到当 x∈ 1,+∞  时 gx  >0， 即当x∈ 1,+∞  时 f x  >0，即可得证. 【规范解答】 x2 (1)因为 f(x)= +ax-(ax+1)lnx， 2 ax+1 1 所以 f(x)=x+a-alnx- =x- -alnx， x x f 1 依题意可得 2  =b f1  1-1-aln1=b   =b+ 5 ，即 1 +a- a+1 2 2    ln1=b+ 5 ，解得   b a = = 0 2 . 2 x2 1 (2)由(1)可得 f(x)= +2x-(2x+1)lnx，则 f(x)=x- -2lnx， 2 x 令 gx  = f x  1 =x- -2lnx，x∈ 1,+∞ x  ，则 g x  1 2 x-1 =1+ - = x2 x  2 >0， x2 所以 gx  在 1,+∞  上单调递增，又 g1  =0， 所以当x∈ 1,+∞  时 gx  >0，即当x∈ 1,+∞  时 f x  >0， 所以 fx  在 1,+∞  上单调递增. 1、求切线方程的核心是利用导函数求切线的斜率，求函数的导数要准确地把函数拆分成基本初等函数的 和、差、积、商，再利用运算法则求导，合函数求导，应由外到内逐层求导，必要时要进行换元. 2、求函数单调区间的步骤 (1)确定函数 fx  的定义域； (2)求 f x  (通分合并、因式分解)； (3)解不等式 f x  > 0，解集在定义域内的部分为单调递增区间； (4)解不等式 f x  < 0，解集在定义域内的部分为单调递减区间． 3、含参函数单调性讨论依据： (1)导函数有无零点讨论(或零点有无意义)； (2)导函数的零点在不在定义域或区间内； (3)导函数多个零点时大小的讨论。 1 (2024·安徽六安·高三统考期末)已知函数 fx  =x3+ax-6a∈R  . (1)若函数 fx  的图象在x=2处的切线与x轴平行，求函数 fx  的图象在x=-3处的切线方程； (2)讨论函数 fx  的单调性. 【答案】(1)15x-y+48=0；(2)答案见解析 【分析】(1)先求导函数再求斜率最后写出切线方程；(2)分类讨论列表根据导函数求单调性. 【解析】(1)f x  =3x2+a. 由题意 f 2  =12+a=0，解得a=-12， 所以 fx  =x3-12x-6，f-3  =3，f -3  =15 fx 3  在x=-3处的切线方程为15x-y+48=0 (2)f x  =3x2+a. ①当a≥0时，f x  ≥0，fx  在R上单调递增. ②当a<0时，由 f x  a =0得x=± - ，fx 3  在R上的变化情况如下表： a x -∞,- - 3  a a a - - - - ,"
大题 圆锥曲线（椭圆、双曲线、抛物线）（精选30题）（学生版）(1).pdf,D:\高中数学\2026-08\大题 圆锥曲线（椭圆、双曲线、抛物线）（精选30题）（学生版）(1).pdf,250640,15,False,Untitled,,EduEditer 2.0.6.X,EduEditer 2.0.6.X,0,595.3x841.9,6873,486,15,0,2,2,text_layer_good,0,0,14,0,,"圆锥曲线 (椭圆、双曲线、抛物线) (精选 30 题) 1 (2024·山东·二模)已知椭圆的焦点分别是F 1 3,0 1  ,F 2- 3,0  ，点M在椭圆上，且 MF 1  + MF 2  =4． (1)求椭圆的标准方程； (2)若直线y=kx+ 2 与椭圆交于A,B两点，且OA⊥OB，求实数k的值． x2 y2 2 (2024·江苏南通·模拟预测)在平面直角坐标系xOy中，设椭圆C: + =1a>b>0 a2 b2  的离心 3 率为 ，F ，F 分别是椭圆的左、右焦点，过F 作两条互相垂直的直线l ，l ，直线l 与C交于A，B两点，直 2 1 2 2 1 2 1 线l 与C交于D，E两点，且△AFF 的周长是4+2 3. 2 1 2 (1)求椭圆C的方程； (2)当 AB  3 = DE 2  时，求△ODE的面积. 3 (2024·河北邯郸·二模)已知椭圆C的中心为坐标原点，对称轴为x轴、y轴，且过M2,0 2  , 3 N1,- 2  两点． (1)求C的方程． (2)A,B是C上两个动点，D为C的上顶点，是否存在以D为顶点，AB为底边的等腰直角三角形？若存在， 求出满足条件的三角形的个数；若不存在，请说明理由． x2 y2 4 (2024·广东广州·模拟预测)已知椭圆C: + =1(0<b<2 2)，右顶点为E，上､下顶点分别为 8 b2   B ,B ,G是EB 的中点，且 EB ⋅GB =1. 1 2 1 1 2 (1)求椭圆C的方程； (2)设过点D-4,0  的直线l交椭圆C于点M,N，点A-2,-1  ，直线MA,NA分别交直线x=-4于点P, Q，求证：线段PQ的中点为定点. 5 (2024·辽宁·二模)平面直角坐标系xOy中，面积为9的正方形ABCD的顶点A,B分别在x轴和y    2 3 轴上滑动，且OP = OA+ OB，记动点P的轨迹为曲线Γ． 3 3 (1)求Γ的方程； (2)过点E4,1 3    的动直线l与曲线Γ交于不同的两点M,N时，在线段MN上取点Q，满足|EM|⋅|QN|=   |QM|⋅|EN|．试探究点Q是否在某条定直线上？若是，求出定直线方程；若不是，说明理由． 6 (2024·福建厦门·三模)在直角坐标系xOy中，已知抛物线C:y2=2px(p>0)的焦点为F，过F的 直线l与C交于M,N两点，且当l的斜率为1时，MN  =8． (1)求C的方程； (2)设l与C的准线交于点P，直线PO与C交于点Q(异于原点)，线段MN的中点为R，若 QR  ≤3，求 △MNQ面积的取值范围． 7 (2024·浙江丽水·二模)已知抛物线E:y2=4x，点A,B,C在抛物线E上，且A在x轴上方，B和C 在x轴下方(B在C左侧)，A,C关于x轴对称，直线AB交x轴于点M，延长线段CB交x轴于点Q，连接 QA. OM (1)证明： 4  OQ  为定值(O为坐标原点)；   8 (2)若点Q的横坐标为-1，且MB ⋅MC = ，求△AQB的内切圆的方程. 9    8 (2024·江苏苏州·模拟预测)已知点A(1,0)，B(0,1)，C(1,1)和动点P(x,y)满足y2是PA⋅PB，PA  ⋅PC 的等差中项． (1)求P点的轨迹方程；  3 1 (2)设P点的轨迹为曲线C 按向量a= - , 1 4 16  平移后得到曲线C ，曲线C 上不同的两点M，N的连线 2 2 交y轴于点Q(0,b)，如果∠MON(O为坐标原点)为锐角，求实数b的取值范围； (3)在(2)的条件下，如果b=2时，曲线C 在点M和N处的切线的交点为R，求证：R在一条定直线上． 2 3 9 (2024·江苏南通·二模)已知双曲线E的渐近线为y=± x，左顶点为A- 3,0 3 5  . (1)求双曲线E的方程； (2)直线l:x=t交x轴于点D，过D点的直线交双曲线E于B，C，直线AB，AC分别交l于G，H，若O，A， G，H均在圆P上， ①求D的横坐标； ②求圆P面积的取值范围. x2 y2 10 (2024·江苏南京·二模)已知抛物线C:y2=2px"
大题 立体几何（精选30题）（解析版）(1).pdf,D:\高中数学\2026-08\大题 立体几何（精选30题）（解析版）(1).pdf,2480657,39,False,Untitled,,EduEditer 2.0.6.X,EduEditer 2.0.6.X,0,595.3x841.9,39803,1044,39,0,39,77,text_layer_good,2,0,158,0,,"大题 立体几何 1 (2024·黑龙江·二模)如图，已知正三棱柱ABC-A B C 的侧棱长和底面边长均为2，M是BC的 1 1 1 中点，N是AB 的中点，P是B C 的中点． 1 1 1 (1)证明：MN⎳平面A CP； 1 (2)求点P到直线MN的距离． 【答案】(1)证明见解析 (2) 3  【分析】(1)建立如图空间直角坐标系A-xyz，设平面A CP的一个法向量为n=(x,y,z)，利用空间向量法 1   证明MN ⋅n=0即可； (2)利用空间向量法即可求解点线距. 【详解】(1)由题意知，AA ⊥平面ABC，∠BAC=60°，而AB⊂平面ABC， 1 所以AA ⊥AB，在平面ABC内过点A作y轴，使得AB⊥ y轴， 1 建立如图空间直角坐标系A-xyz， 3 3 则A(0,0,0),B(2,0,0),C(1, 3,0),A (0,0,2),B (2,0,2)，得M , ,0 1 1 2 2 1  3 3 ,N(1,0,1),P , ,2 2 2  ，   3 3 所以A C =(1, 3,-2),A P =  , ,0 1 1 2 2   1 3 ,MN = - ,- ,1 2 2  ，  设平面A CP的一个法向量为n=(x,y,z)， 1   n⋅A C =x+ 3y-2z=0 则  n  ⋅A 1 P  = 3x+ 3y=0 ，令x=1，得y=- 3,z=-1， 1 2 2  所以n=(1,- 3,-1)，   1 3 所以MN ⋅n=- ×1+ - 2 2  ×(- 3)+1×(-1)=0， 又MN不在平面A CP内 1 即MN⎳平面A CP； 1  (2)如图，连接PM，由(1)得PM =(0,0,-2)，    则MN ⋅PM =-2，MN   = 2,PM  =2，  所以点P到直线MN的距离为d= PM    MN ⋅PM 2-  PM      2 = 3. 2 (2024·安徽合肥·二模)如图，在四棱锥P-ABCD中，底面ABCD是边长为2的菱形，∠BAD= 60°,M是侧棱PC的中点，侧面PAD为正三角形，侧面PAD⊥底面ABCD． (1)求三棱锥M-ABC的体积； (2)求AM与平面PBC所成角的正弦值． 1 【答案】(1) 2 33 (2) ． 11 3 【分析】(1)作出辅助线，得到线线垂直，进而得到线面垂直，由中位线得到 M到平面ABCD的距离为 ， 2 进而由锥体体积公式求出答案； (2)证明出BO⊥AD，建立空间直角坐标系，求出平面的法向量，进而由法向量的夹角余弦值的绝对值求 出线面角的正弦值. 【详解】(1)如图所示，取AD的中点O，连接PO． 因为△PAD是正三角形，所以PO⊥AD． 又因为平面PAD⊥底面ABCD,PO⊂平面PAD，平面PAD∩平面ABCD=AD， 所以PO⊥平面ABCD，且PO= 3． 3 又因为M是PC的中点，M到平面ABCD的距离为 ， 2 1 2π S = ×2×2×sin = 3， △ABC 2 3 1 3 1 所以三棱锥M-ABC的体积为 × 3 × = ． 3 2 2 π (2)连接BO,BD，因为∠BAD= ， 3 所以△ABD为等边三角形，所以BO⊥AD， 以O为原点，OA,OB,OP所在直线分别为x轴，y轴，z轴，建立如图所示的空间直角坐标系， 则P0,0, 3 2  ,A1,0,0  ,B0, 3,0  ,C-2, 3,0  ， 3 3 所以M-1, , 2 2   3 3 ,AM = -2, , 2 2   ,PB = 0, 3,- 3   ,BC = -2,0,0  ．  设平面PBC的法向量为n= x,y,z 3  ，   则   P  B  ⋅n  =0 ，即   3y- 3z=0 ，解得x=0，取z=1，则y=1， BC ⋅n=0 -2x=0  所以n= 0,1,1  ． 设AM与平面PBC所成角为θ，   则sinθ= cosAM,n    AM ⋅n ="
排列组合与二项式定理（解析版）(1).pdf,D:\高中数学\2026-08\排列组合与二项式定理（解析版）(1).pdf,1135834,13,False,Untitled,,EduEditer 2.0.6.X,EduEditer 2.0.6.X,0,595.3x841.9,13718,1055,13,0,6,7,text_layer_good,0,0,69,0,,"排列组合与二项式定理 热点单选题 1 (2024·湖北武汉·模拟预测)在 1+x-1 1  7+1+x-1  6+(1-x)6+(1-x)7展开式中，x3的系数为 ( ) A. 0 B. -55 C. -15 D. 55 【答案】B 【分析】根据题意，由二项式展开式的通项公式代入计算，即可得到结果. 【详解】因为 1+x-1  7与 1+x-1  6的展开式中没有x3的项， 只有(1-x)6与(1-x)7的展开式中有x3的项， 其中(1-x)6的展开式的通项为T = -1 k+1  k⋅Ckxk，则x3的系数为-C3， 6 6 (1-x)7的展开式的通项为T = -1 k+1  k⋅Ckxk，则x3的系数为-C3， 7 7 所以展开式中x3的系数为-C3-C3=-55. 6 7 故选：B 2 (2024·辽宁·模拟预测)为迎接元宵节，某广场将一个圆形区域分成A,B,C,D,E五个部分(如图 所示)，现用4种颜色的鲜花进行装扮(4种颜色均用到)，每部分用一种颜色，相邻部分用不同颜色，则该区 域鲜花的摆放方案共有 ( ) A. 48种 B. 36种 C. 24种 D. 12种． 【答案】A 【分析】满足条件的涂色方案可分为B,D区域同色，且和其它区域不同色和C,E区域同色两类，且和其它区 域不同色，结合分步乘法计数原理，分类加法计数原理求解即可 【详解】满足条件的摆放方案可分为两类， 第一类B,D区域同色，且和其它区域不同色的摆放方案， 满足条件的方案可分四步完成， 第一步，先摆区域A有4种方法， 第二步，摆放区域B,D有3种方法， 第三步，摆放区域C有2种方法， 第四步，考虑到区域A,B,C不同色，且4种颜色都要用到，摆放区域 E有1种方法， 由分步乘法计数原理可得第一类中共有 4×3×2×1=24种方案， 第二类，C,E区域同色两类，且和其它区域不同色的摆放方案， 满足条件的方案可分四步完成， 第一步，先摆区域A有4种方法， 第二步，摆放区域B有3种方法， 第三步，摆放区域C,E有2种方法， 第四步，考虑到区域A,B,C不同色，且4种颜色都要用到，摆放区域D有1种方法， 由分步乘法计数原理可得第一类中共有 4×3×2×1=24种方案， 根据分步加法计数原理可得该区域鲜花的摆放方案共有 48种， 故选：A. 3 (2024·河北沧州·一模)截至2024年2月25日，2024年春节档4部影片《热辣滚烫》《飞驰人生2》 《第二十条》《熊出没·逆转时空》合计票房已经突破100亿．某影城为了家庭中的大人和孩子观影便利，对 影片播放顺序做出如下要求《：热辣滚烫》不排第一场《，熊出没·逆转时空》不排最后一场《，第二十条》和《熊 出没·逆转时空》必须连续安排，则不同的安排方式有 ( ) A. 12种 B. 10种 C. 9种 D. 7种 【答案】D 【分析】根据已知条件，分《热辣滚烫》排最后一场、《热辣滚烫》排第二场、《热辣滚烫》排第三场三种情况分 别计算安排方法数，最后分类加法公式计算总数即可. 【详解】分两种情况： 第一种：《热辣滚烫》排最后一场，因为《第二十条》和《熊出没·逆转时空》 必须连续安排，所以用捆绑法有A2种可能，并看成一个元素， 2 剩下元素有A2种排法，所以共有A2⋅A2=4种排法； 2 2 2 第二种：《热辣滚烫》排第二场， 因为《第二十条》和《熊出没·逆转时空》必须连续安排， 而且《熊出没·逆转时空》不排最后一场， 所以《第二十条》和《熊出没·逆转时空》只能排在第四、第三两场， 《飞驰人生2》排第一场，这种情况共1种排法； 第三种：《热辣滚烫》排第三场， 因为《第二十条》和《熊出没·逆转时空》必须连续安排， 而且《熊出没·逆转时空》不排最后一场， 所以《第二十条》和《熊出没·逆转时空》排在前两场有A2种排法， 2 《飞驰人生2》排最后一场，这种情况共有A2=2种排法. 2 综上符合条件的电影安排方法总数为 4+1+2=7种. 故选：D 热点多选题 4 (2024·重庆·模拟预测)如图，16枚钉子钉成4×4的正方形板，现用橡皮筋去套钉子，则下列说法 正确的有(不同的图形指两个图形中至少有一个顶点不同) ( ) A. 可以围成20个不同的正方形 B. 可以围成24个不同的长方形(邻边不相等) 2 C."
数列放缩通项证明不等式与数列不等式恒成立问题（原卷版）(1).pdf,D:\高中数学\2026-08\数列放缩通项证明不等式与数列不等式恒成立问题（原卷版）(1).pdf,520606,9,False,,学科网(Zxxk.Com),Acrobat PDFMaker 11 Word 版,Adobe PDF Library 11.0,3,595.3x841.9,4695,436,9,0,2,3,text_layer_good,26,6,11,0,,"数列放缩通项证明不等式与数列不等式恒成立问题 数列通项放缩问题是放缩问题的常考类型，相较于求和之后再比较大小的题型而言，这一部分对放缩对象 的处理需要一定的技巧，因而对很多学生来说具有挑战性，是数列放缩中的难点. 此节中，我将分为如下几 个点展开：第一，将通项放缩为可裂项的结构，然后裂项求和；第二，将通项放缩为等比结构（等差比结 构）然后错位相减求和，总之，处理的基本原则就是将不可求和放缩成可求和再求和放缩. 当然，下面的这 些常见的裂项公式与放缩公式需要注意. 目录 题型一 通项放缩 .......................................................... ................................................................................... 3 题型二 与导数结合的放缩 ............................................................................................................................. 6 题型三 数列恒成立问题 ................................................................................................................................. 7 1．常见的裂项公式：必须记 1 1 1 2 1 2 例如： < < 或者 < < 等 n(n +1) n2 (n −1)n n +1+ n n n + n −1 2.一个重要的指数恒等式： n 次方差公式an −bn = (a −b)(an−1 + an−2b + an−3b2 ++ abn−2 +bn−1). 这样的话，可得：an −bn > (a −b)an−1，就放缩出一个等比数列. m m + c 3.糖水不等式：设n > m > 0,c > 0，则 < . n n + c 1 1 1 4.利用导数产生数列放缩：由不等式ln x ≤ x −1可得： < ln( +1) < ,n∈ N+ . n +1 n n 1 / 9 常见放缩公式：（太多了，不一定要全部记，自行选择） 一、等差型 1 1 1 1 （1） < = − (n ≥ 2) ； n2 (n −1)n n −1 n 1 1 1 1 （2） > = − ； n2 n(n +1) n n +1 1 4 4  1 1  （3） = < = 2 − ； n2 4n2 4n2 −1  2n −1 2n +1 1 n! 1 1 1 1 1 （4）T = Cr ⋅ = ⋅ < < = − (r ≥ 2) ； r+1 n nr r!(n − r)! nr r! r(r −1) r −1 r 二、根式型 （5） 1 = 2 < 2 = 2 ( − n −1+ n ) (n ≥ 2) ； n n + n n −1+ n 1 2 2 ( ) （7） = > = 2 − n + n +1 ； n n + n n + n +1 1 1 1 n +1− n −1 1 （8） = < = ⋅ n3 n⋅n2 (n −1)n(n +1) (n −1)n(n +1) n +1− n −1   1 1 1  1 1  n +1+ n −1 =  − ⋅ = 2 − ⋅  (n −1)n n(n +1)  n +1− n −1  n −1 n +1 2 n    1 1  < 2 −  (n ≥ 2)；  n −1 n +1 1 2 2 2 = < = （9） n3 n2 ⋅n + n⋅n2 n n −1+(n −1) n (n −1)n ( n + n −1 ) ( ) −2 n −1− n 2 2 = = − (n ≥ 2)； (n −1)n n −1 n 三、指数型 2n 2n 2n 2n−1 1 1 （10） ( 2n −1 )2 = ( 2n −1 )( 2n −1 ) < ( 2n −1 )( 2n − 2 ) ="
数学-湖北省武汉市2025届高中毕业生二月调研考试（武汉二调）试题和解析.pdf,D:\高中数学\2026-08\数学-湖北省武汉市2025届高中毕业生二月调研考试（武汉二调）试题和解析.pdf,1711947,15,False,,,,,2,595x842|612.0x792.0,11414,1091,11,4,4,8,mixed_or_partial_ocr,19,0,40,0,,"武汉市 2025 届高中毕业生二月调研考试数学试卷 一、选择题：本题共 8小题，每小题 5分，共 40分。在每小题给出的四个选项中，只有一项是 符合题目要求的。 1. 已知集合A={1,2,3,4,5}，B= x|x2-4x-5<0  ，则A∩B= A. {2,3,4,5} B. {1,2,3} C. D. {2,3,4} 【答案】C 【解析】B= x|-1<x<5  ，所以A∩B={1,2,3,4}，选C 2. 若复数z满足 z+i  1-2i  =5，则 z = A. 1 B. 2 C. 2 D. 5 【答案】B 5 【解析】z+i= =1+2i，所以z=1+i， z 1-2i  = 2，选B    3. 在三棱柱 ABC - A B C 中，设 AA = a， AB = b， AC = c， M， N 分别为 AB， CC 的 1 1 1 1 1  中点，则MN = 1 1 1 1 1 1 1 A. a+ b+c B. a- b+c C. a- b+ c D. a+ b+c 2 2 2 2 2 2 2 【答案】B      1 【解析】如图所示，MN =AN -AM = AC+ CC 2 1   1 - AB = 2   1 AC+ AA 2 1   1 1 1 - AB = a- b+c，选B 2 2 2 4. 记等差数列 a n  的前n项和为S ，若S =0，S =2S -12，则a = n 10 6 3 1 A. 6 B. 8 C. 10 D. 12 【答案】A 【解析】S =3a ，S = a 1 +a 6 3 3 6  ×6 2 =3a 2 +a 5  =2∙3a -12， 2 a -a 4 所以3a =3a -12，得到a -a =-4，公差d= 5 2 =- 5 2 5 2 5-2 3 10×9 4 S =10a + × - 10 1 2 3  A C 1 1 B 1 N A C M B =0，得a =6，选A 1 5. 有四对双胞胎共8人，从中随机选出4人，则其中恰有一对双胞胎的选法种数为 A. 40 B. 48 C. 52 D. 60 【答案】B 【解析】总共有C4种选法，其中恰为两对双胞胎有C2种，其中没有双胞胎的有C1C1C1C1 8 4 2 2 2 2 种，故一共有C4-C2-C1C1C1C1=48种，选B 8 4 2 2 2 2 6. 某批产品检验后的评分，由统计结果制成如下图所示的频率分布直方图， 第1页，共11页 频率 组距 6a 5a 4a 3a 2a 50 60 70 80 90 100 评分 下列说法中正确的是 A. a=0.05 B. 评分的众数估值为70 C. 评分的第25百分位数估值为67.5 D. 评分的平均数估值为76 【答案】 【解析】A： 2a+3a+4a+5a+6a  ×10=1，得a=0.005，错误； B：由图可知，众数为75，错误； C： 50,60  的概率为0.01×10<0.25， 50,70  的概率为0.03×10>0.25，所以第25百分 位数位于 60,70  x-60 之间，设为x， ×0.2+0.1=0.25，得x=67.5，正确； 10  D：x=55×0.1+65×0.2+75×0.3+85×0.25+95×0.15=76.5，错误．故选C 7. 函数 fx  满足： fx+1  = fx  + fx+2  ，若 f1  =2， f11  =3，则 f2025  = A. 1 B. -1 C. 5 D. -5 【答案】 【解析】由题意， fx+2  = fx+1  - fx  ，所以 fx+3  = fx+2  - fx+1  ， 两式结合得 fx+3  = fx+1  - fx  - fx+1  =-fx  ， 所以 fx+3  =-fx  =- -fx-3    = fx-3  ，得 fx  是以6为周期的周期函数， f11  = f-1  =-f2  =3，又 f2025  ="
数学-湖北省武汉市2025届高中毕业生四月调研考试（武汉四调）试卷和答案.pdf,D:\高中数学\2026-08\数学-湖北省武汉市2025届高中毕业生四月调研考试（武汉四调）试卷和答案.pdf,3110880,7,False,,,,,0,595.3x841.9|612x792,3747,0,3,4,5,18,mixed_or_partial_ocr,6,0,4,0,,"武汉市 2025 届高三年级四月调研考试 数学试卷参考答案及评分标准 选择题： 题号 1 2 3 4 5 6 7 8 9 10 11 答案 C D C A A B D C BCD AD BD 填空题： 3 12. 3 13. 36 14. 3 解答题： 15.（13 分）解： （1）因为CA ⊥ AB,CA ⊥ A A, AA  AB = A, AB, AA  平面ABB A ,所以CA ⊥ 平面ABB A ， 1 1 1 1 1 1 1 BE  平面ABB A,所以CA ⊥ BE ,又因为 BE ⊥ AB 1 1 AB  平面ABC ,CA  平面ABC ,且 AB  AC = A， BE ⊥ 平面ABC . …………6 分 1 1 1 1 1 （2）以 A 为坐标原点，向量 AB, AC, AA 为 x, y, z 轴正方向，建立空间直角坐标系 1 B(2,0,0)，C(0,2,0)，B (2,0,4)，设E(0,0,t), BE = (−2,0,t)， AB = (2,0,4) 1 1 AB ⊥ BE ，所以−4+ 4t = 0,t =1,所以 E(0,0,1) ，CE = (0,−2,1)，CB = (2,−2,0) 1  nCE = 0 −2y + z = 0 设平面 BCE 的法向量为n = (x, y, z) , ， ， nCB = 0 2x −2y = 0 令 x =1则 z = 2, y =1，n = (1,1,2), 平面 ABE 的法向量为 AC = (0,2,0)，设平面CBE 平面 ABE 之间的夹角为 | nm| 2 6 cos= = = . …………13 分 | n || m| 62 6 16.（15 分）解： 1−ln x a （1） f '(x) = ex − − , f '(1) = e −1− a = −1 a = e …………7 分 x2 x2 lnx a xex −ln x + a − x （2） f (x) = ex − + −1=  0恒成立，因为 x  0 ，等价于 x x x 1 xex −ln x + a − x  0恒成立，令 g (x) = xex −lnx + a − x， g '(x) = (1+ x)(ex − ) x 1 1  1  1 令h(x) = ex − ，h(x) = ex +  0 ，h(x)在(0,+)是增函数，由于h   = e2 −2  0 ， x x2  2   1  h(1) = e−1 0 ，x  ,1 ，h(x ) = 0，即g(x ) = 0，   0  2  0 0 当x(0, x )，g' (x)  0，当 x(x ，+)，g' (x)  0 0 0 1 所以 g(x)在(0, x )单调递减，在(x ,+)单调递增，因为h(x ) = 0，所以ex 0 = ，lnx = −x 0 0 0 x 0 0 0 g(x) = g (x ) = x ex 0 −lnx − x + a =1+ x − x + a  0 ，a  −1 …………15 分 min 0 0 0 0 0 0 17.（15 分）解： A8A5 14 （1）记“五张字母牌不相邻” 为事件 B ， P(B) = 8 9 = …………4 分 A13 143 13 （2）记“在标有 8 的牌左侧，没有数字牌”为事件C A7A5 1 由于标1~ 7 的牌都在标有 8 的牌右侧，有 A7 = 7!种排法， P(C) = 7 13 = …………9 分 7 A13 8 13 (k −1)!A5+8−k 1 （3）标号比k 小的牌有(k −1) 张，比k 大的牌有(8− k)张， P(A ) = 13 = k A13 k 13 …………15 分 18.（17 分）解： 1 1 3+ 3 1 （1） = 2− 3 符合， = 不符合，0 没有倒数， = 7−4 3 符合 2+ 3 3− 3 6 7+ 4 3 综上2+ 3 ，7 + 4 3 属于 B …………4 分 （2）先证明若 x A, y A，则 xy A 设 x = m+ 3n, y = p + 3q ，m"
新高考数学概率黄金32题（教师版）(1).pdf,D:\高中数学\2026-08\新高考数学概率黄金32题（教师版）(1).pdf,686975,30,False,,,Adobe Acrobat Pro 11.0.0,Adobe Acrobat Pro 11.0.0,2,595.3x841.9,39001,1322.0,30,0,4,4,text_layer_good,11,0,9,0,,概率统计黄金 32 题 一．比赛类题目(共10小题) 1 甲、乙、丙三位同学进行羽毛球比赛，约定赛制如下： 累计负两场者被淘汰：比赛前抽签决定首先比赛的两人，另一人轮空；每场比赛的胜者与轮空者进 行下一场比赛，负者下一场轮空，直至有一人被淘汰；当一人被淘汰后，剩余的两人继续比赛，直至 其中一人被淘汰，另一人最终获胜，比赛结束． 1 经抽签，甲、乙首先比赛，丙轮空．设每场比赛双方获胜的概率都为 ． 2 (1)求甲连胜四场的概率； (2)求需要进行第五场比赛的概率； (3)求丙最终获胜的概率． 1 解：(1)甲连胜四场只能是前四场全胜，P=  2 概率统计32题 1  4 1 = ． 16 (2)记事件A为甲输，事件B为乙输，事件C为丙输，故四局内结束比赛的概率为 1 P=P(ABAB)+P(ACAC)+P(BCBC)+P(BABA)=4×  2  4 1 = ， 4 1 3 故需要进行第五场比赛的概率为1- = ． 4 4 (3)法一：设事件A为甲输，事件B为乙输，事件C为丙输， 记事件 M：甲赢，记事件 N：丙赢，则甲赢的基本事件包括：BCBC、ABCBC、ACBCB、BABCC、 BACBC、BCACB、BCABC、BCBAC， 则甲赢终的概率为： 1 P=  2  4 1 +  2  5 9 ×7= ； 32 由对称性可知：乙赢的概率和甲赢的概率相等， 9 7 所以丙获胜的概率为P=1-2× = ． 32 16 1 法二：(1)只打四场比赛，此时丙只需赢三场，即第二场到第四场，其概率P=  2  3 1 = ， 8 (2) 打五场比赛，最后一场丙赢，则丙在第二，三，四场比赛必然输一场，因此要继续打分两种情况 进行讨论： 1 (i)若丙第二场输，则第四场和第五场丙赢，则，概率P=  2  3 1 = ， 8 1 (ii)若丙第三场输，则第二场和第五场丙赢，则，概率P=  2  3 1 = ， 8 1 (iii)若丙第四场输，则前三场必有一人被淘汰，其概率为P=2×  2  5 1 = ， 16 1 1 1 1 7 综上所述，丙获胜的概率P= + + + = ． 8 8 8 16 16 2 某运动会中，新增加的“趣味乒乓球单打”是这届运动会的热门项目，比赛规则如下：两人对 垒，开局前抽签决定由谁先发球 (机会均等)，此后均由每个球的赢球者发下一个球，对于每一个 球，若发球者赢此球，发球者得 1 分，对手得 0 分；若对手赢得此球，发球者得 0 分，对手得 2 分． 当有一人累计得分超过 5 分时，比赛就结束，得分高者获胜．已知在选手甲和乙的对垒中，发球 一方赢得此球的概率都是0.6，各球结果相互独立． (1)假设开局前抽签结果是甲发第一个球，求比赛出现比分2：2的概率； (2) 已知现在比分 3：3，接下来由甲发球，两人又打了 X 个球后比赛结束，求 X 的分布列及数学期 望． 解：(1) 比赛出现比分 2：2 的事件 A 是甲发三球，前两球甲赢，第三球乙赢的事件 A 与甲发球乙 1 赢、乙发球甲赢的事件A 的和，A ，A 互斥， 2 1 2 P(A)=P(A +A )=P(A )+P(A )=0.6×0.6×0.4+0.4×0.4=0.304， 1 2 1 2 故比赛出现比分2：2的概率为0.304． (2)X所有可能取值为2，3，4， 因比分已是3：3，接下来由甲发球，有一人累计得分超过5分时，比赛就结束， P(X=2)=0.4×0.6=0.24， P(X=3)=0.63+0.6×0.4×1+0.4×0.4×1=0.616， P(X=4)=0.62×0.4×1=0.144， 故X的分布列为： X 2 3 4 P 0.24 0.616 0.144 故E(X)=2×0.24+3×0.616+4×0.144=2.904． 3 甲、乙运动员进行乒乓球友谊赛，每场比赛采用 5局3胜制(即有一运动员先胜3局即获胜，比 赛结束)．比赛排名采用积分制，积分规则如下：比赛中，以 3：0 或 3：1 取胜的运动员积 3 分，负 者积 0 分，以 3：2 取胜的运动员积 2 分，负者积 1 分，已知甲、乙两人比赛，甲每局获胜的概率为 1 ． 3 (1)甲、乙两人比赛1场后，求甲的积分 X的概率分布列和数学期望； (2)
椭圆性质（考题猜想，易错必刷30题13种题型）（解析版）(1).pdf,D:\高中数学\2026-08\椭圆性质（考题猜想，易错必刷30题13种题型）（解析版）(1).pdf,661612,20,False,,高三015,Microsoft Office Word,,3,595.3x841.9,18629,1013.0,20,0,20,100,text_layer_good,30,0,65,0,,"椭圆性质 （易错必刷 30 题 13 种题型专项训练） 题型大集合 ➢ 椭圆定义求参范围 ➢ 椭圆方程的三角换元 ➢ 椭圆定义 ➢ 焦点三角形中的余弦定理 ➢ 焦半径范围最值 ➢ 焦点三角形与离心率 ➢ 椭圆第一定义求最值范围 ➢ 离心率求参数范围 ➢ 椭圆求 a、b、c ➢ 椭圆对称性 ➢ 椭圆轨迹 ➢ 椭圆焦点弦定比分点 ➢ 焦点三角形面积 题型大通关 一．椭圆定义求参范围（共 2 小题） 1．（23-24 高二下·湖南长沙·期中）已知方程mx2 +2m-1 y2 =1表示焦点在 y 轴上的椭圆，则m 的取值范 围是（ ） A． æ ç0, 1 ö ÷ B． æ ç 1 ,1 ö ÷ C．1,+¥ D．0,1 è 2ø è2 ø 【答案】B 【分析】将椭圆方程化成标准形式，根据焦点位置，列出不等式组，解之即得. x2 y2 + =1 1 1 1 【详解】将椭圆方程变形为 1 1 ，因为焦点在 y 轴上，所以 > > 0 ，解得 < m <1． 2m-1 m 2 m 2m-1 故选：B. x2 y2 2．（23-24 高二上·北京海淀·期中）若 + =1表示焦点在 x 轴上的椭圆，则实数a的取值范围是（ ） a2 a+2 A．-2,+¥ B．-¥,-1 U 2,+¥ C．-2,-1È2,+¥ D．任意实数R 【答案】C 【分析】由该方程表示椭圆，可得a+2 >0且a2 ¹ a+2，焦点在 x 轴上可得a2 > a+2，计算即可得. 学学科科网网（（北北京京））股股份份有有限限公公司司 ìa2 > a+2 ï 【详解】由题意得ía+2 > 0 ，解得-2 < a < -1或a > 2，即aÎ-2,-1 U 2,+¥ . ï a ¹ 0 î 故选：C. 二． 椭圆定义（共 2 小题） 3．（22-23 高二上·北京·期中）数学家华罗庚曾说：“数缺形时少直观，形少数时难入微”.事实上，很多代数 问题可以转化为几何问题加以解决，例如，与 x-a2+y -b2 相关的代数问题，可以转化为点 Ax, y与 点Ba,b之间距离的几何问题.结合上述观点，可求得方程 x2 +4x+5 + x2 -4x+5 = 6的解是（ ） 3 62 3 62 6 5 6 5 A． B．± C． D．± 4 4 5 5 【答案】D 【分析】根据抛物线的定义可得答案. 【详解】因为 x2 +4x+5 = (x+2)2 +1 = [x-(-2)]2 +(1-0)2 ，所以 x2 +4x+5 可以转化为M(x,1) 到 N(-2,0)的距离，同理， x2 -4x+5 可以转化为M(x,1) 到P(2,0)的距离，因为 x2 +4x+5 + x2 -4x+5 = 6， 所以M(x,1) 到两定点 N(-2,0)和P(2,0)的距离之和为6 ，所以M(x,1) 在以点 N(-2,0)和P(2,0)为焦点的椭 x2 y2 圆上，设椭圆的标准方程为： + =1(a > b > 0) ，则，2a = 6，即a = 3，又a2 -b2 = 4，所以b2 = 5， a2 b2 x2 y2 x2 1 6 5 所以椭圆的方程为： + =1，由 y =1，得 + =1，解得， x=± .故选：D. 9 5 9 5 5 4．（23-24 高二上·山东聊城·期中）已知圆C :(x - 2)2 + y2 = 64，F -2,0为圆内一点，将圆折起使得圆周过 点F （如图），然后将纸片展开，得到一条折痕l ，这样继续下去将会得到若干折痕，观察这些折痕围成的 轮廓是一条圆锥曲线，则该圆锥曲线的方程为（ ） x2 y2 x2 A． + =1 B． + y2 =1 16 12 4 x2 y2 x2 y2 C． + =1 D． + =1 4 3 16 4 学学科科网网（（北北京京））股股份份有有限限公公司司 【答案】A 【分析】记点F 关于折痕l 的对称点为 A，折痕l与AC 相交于点P，分析 PF + PC 的值，结合椭圆定义可 解. 【详解】由题知，F -2,0,C2,0，记点F 关于折痕l 的对称点为 A，折痕l与AC 相交于点P， 则点 A 在圆周上，折痕l 为线段 AF 的垂直平分线，如图所示： 则有 PA = PF ，可知"
概率统计大题综合（解析版）(1).pdf,D:\高中数学\2026-08\概率统计大题综合（解析版）(1).pdf,860550,36,False,Untitled,,EduEditer 2.0.6.X,EduEditer 2.0.6.X,0,595.3x841.9,47385,1308.5,36,0,4,4,text_layer_good,41,0,126,0,,"概率统计大题综合 知识点总结 1. 数字样本特征 （1）众数：在一组数据中出现次数最多的数 （2）中位数：将一组数据按从小到大 (或从大到小) 的顺序排列，如果为奇数个，中位数为中间数；若为偶数 个，中位数为中间两个数的平均数  x +x +⋯⋯+x （3）平均数：x= 1 2 n ，反映样本的平均水平 n    (x −x)2+(x −x)2+⋯⋯(x −x)2 （4）方差：s2= 1 2 n n 反映样本的波动程度，稳定程度和离散程度； s2越大，样本波动越大，越不稳定；s2越小，样本波动越小，越稳定； （5）标准差：σ= s2，标准差等于方差的算术平方根，数学意义和方差一样 （6）极差：等于样本的最大值−最小值 2. 求随机变量X的分布列的步骤： (1)理解X的意义，写出 X可能取得全部值； (2)求X取每个值的概率； (3)写出X的分布列； (4)根据分布列的性质对结果进行检验. 还可判断随机变量满足常见分布列：两点分布，二项分布，超几何分布，正态分布. 3. 求随机变量的期望和方差的基本方法： (1)已知随机变量的分布列，直接利用期望和方差公式直接求解； (2) 已知随机变量 X 的期望、方差 ，求 aX + b a,b∈R 1  的期望与方差 ，利用期望和方差的性质 EaX+b  =aEX  +b，DaX+b  =a2DX    进行计算； (3) 若能分析出所给的随机变量服从常用的分布 (如：两点分布、二项分布等)，可直接利用常用分布列的期 望和方差公式进行计算，若ξ~B(n,p),则Eξ=np，Dξ=np(1- p). Pξ=k 4. 求解概率最大问题的关键是能够通过  ≥P ξ=k+1  Pξ=k  ≥P ξ=k-1   构造出不等关系，结合组合数公式求解结  果 5. 线性回归分析解题方法：   n n (1)计算x,y,x2,x y 的值； i i i i=1 i=1   (2)计算回归系数a,b；    (3)写出回归直线方程y=bx+a. n  x −x     i 线性回归直线方程为：y=bx+a，b= i=1   y −y i   n  x −x i i=1  n  x y −nxy i i    = i=1 ，a=y−bx n   2 x2−nx2 i i=1   其中 x,y  为样本中心，回归直线必过该点 (4)线性相关系数(衡量两个变量之间线性相关关系的强弱) n  x −x i r= i=1 2   y −y i   n  x −x i i=1  n   2 y −y i i=1  n  x y −nxy i i = i=1 n   2 x2−nx2 i i=1  n  y2−ny2 i i=1  r>0，正相关；r<0，负相关 r  ≤1,且 r  越接近于1，线性相关性越强； r  越接近于0，线性相关性越弱，几乎不存在线性相关性 6. 独立性检验解题方法： (1)依题意完成列联表；(2)用公式求解；(3)对比观测值即可得到所求结论的可能性 nad-bc 独立性检验计算公式：K2=  2 a+b  c+d  a+c  b+d  模拟训练 一、解答题 1. (2023·福建三明·统考三模)在二十大报告中，体育､健康等关键词被多次提及，促进群众体育和竞技体 育全面发展，加快建设体育强国是全面建设社会主义现代化国家的一个重要目标.某校为丰富学生的课外 活动，加强学生体质健康，拟举行羽毛球团体赛，赛制采取3局2胜制，每局都是单打模式，每队有5名队 员，比赛中每个队员至多上场一次且是否上场是随机的，每局比赛结果互不影响.经过小组赛后，最终甲、乙 3 两队进入最后的决赛，根据前期比赛的数据统计，甲队种子选手M对乙队每名队员的胜率均为 ，甲队其 4 1 余4名队员对乙队每名队员的胜率均为 .(注：比赛结果没有平局) 2 (1)求甲队最终2:1获胜且种子选手M上场的概率； (2)已知甲队2:1获得最终胜利，求种子选手M上场的概率. 7 【答案】(1) 40 7 (2) 11 【分析】(1)设事件A"
概率统计（精选30题）（解析版）(1).pdf,D:\高中数学\2026-08\概率统计（精选30题）（解析版）(1).pdf,664973,38,False,Untitled,,EduEditer 2.0.6.X,EduEditer 2.0.6.X,0,595.3x841.9,43926,1188.5,38,0,2,2,text_layer_good,11,0,113,1,,"大题 概率统计 (精选 30 题) 1 (2024·浙江绍兴·二模)盒中有标记数字1，2的小球各2个. (1)若有放回地随机取出2个小球，求取出的2个小球上的数字不同的概率； (2)若不放回地依次随机取出4个小球，记相邻小球上的数字相同的对数为 X(如1122，则X=2)，求X的分 布列及数学期望EX 1  . 1 【答案】(1) ； 2 (2)分布列见解析，1. 【分析】(1)根据组合知识求得取球的方法数，然后由概率公式计算概率； (2)确定 X的所有可能取值为0，1，2，然后分别计算概率得分布列，再由期望公式计算出期望． 【详解】(1)设事件A=“取出的2个小球上的数字不同”， 则PA  C1C1+C1C1 1 = 2 2 2 2 = . C1C1 2 4 4 (2)X的所有可能取值为0，1，2. ①当相邻小球上的数字都不同时，如1212，有2×A2×A2种， 2 2 则PX=0  2×A2×A2 1 = 2 2 = . A4 3 4 ②当相邻小球上的数字只有1对相同时，如1221，有2×A2×A2种， 2 2 则PX=1  2×A2×A2 1 = 2 2 = . A4 3 4 ③当相邻小球上的数字有2对相同时，如1122，有2×A2×A2种， 2 2 则PX=2  2×A2×A2 1 = 2 2 = . A4 3 4 所以 X的分布列为 X 0 1 2 1 1 1 P 3 3 3 所以 X的数学期望EX  1 1 1 =0× +1× +2× =1. 3 3 3 2 (2024·江苏扬州·模拟预测)甲､乙两人进行某棋类比赛，每局比赛时，若决出输赢则获胜方得2 1 分，负方得0分；若平局则各得1分.已知甲在每局中获胜､平局､负的概率均为 ，且各局比赛结果相互独 3 立. (1)若比赛共进行了三局，求甲共得3分的概率； (2)规定比赛最多进行五局，若一方比另一方多得4分，则停止比赛，求比赛局数 X的分布列与数学期望. 7 【答案】(1) ； 27 317 (2)分布列见解析， . 81 【分析】(1)写出所有可能情形,利用互斥事件的概率和公式即可求出； (2)算出 X为不同值时对应的概率并填写分布列，之后求出数学期望即可. 【详解】(1)设“三局比赛后，甲得3分”为事件A， 甲得3分包含以下情形：三局均为平局，三局中甲一胜一平一负， 所以PA 2  1 =  3  3 1 +A3 3 3  3 7 = ， 27 7 故三局比赛甲得3分的概率为 . 27 (2)依题意知 X的可能取值为2,3,4,5， PX=2  1 =2×  3  2 2 = ， 9 PX=3  1 =2×C1 2 3  3 4 = ， 27 PX=4  1 =2× C1 2 3  4 1 +C1 3 3   4    10 = ， 81 PX=5  =1-PX=2  -PX=3  -PX=4  2 4 10 41 =1- - - = ， 9 27 81 81 故其分布列为： X 2 3 4 5 2 4 10 41 P 9 27 81 81 期望EX  2 4 10 41 317 =2× +3× +4× +5× = . 9 27 81 81 81 3 (2024·江苏南通·二模)某班组建了一支8人的篮球队，其中甲、乙、丙、丁四位同学入选，该班体育 老师担任教练. (1)从甲、乙、丙、丁中任选两人担任队长和副队长，甲不担任队长，共有多少种选法？ (2)某次传球基本功训练，体育老师与甲、乙、丙、丁进行传球训练，老师传给每位学生的概率都相等，每位学 1 生传球给同学的概率也相等，学生传给老师的概率为 .传球从老师开始，记为第一次传球，前三次传球 7 中，甲同学恰好有一次接到球且第三次传球后球回到老师手中的概率是多少？ 【答案】(1)9种 3 (2) . 49 【分析】(1)法一，利用分步乘法计数原理集合组合数的计算，即可求得答案；法二，利用间接法，即用不考虑 队长人选对甲的限制的所有选法，减去甲担任队长的选法，即可得答案； (2)考虑第一次传球，老师传给了甲还是传给乙、丙、丁中的任一位，继而确定第二次以及第三次传球后球回 到老师手中的情况，结合乘法公式以及互斥事件的概率求法，即"
直线与圆、圆锥曲线（解析版）(1).pdf,D:\高中数学\2026-08\直线与圆、圆锥曲线（解析版）(1).pdf,4262972,40,False,Untitled,,EduEditer 2.0.6.X,EduEditer 2.0.6.X,0,595.3x841.9,39898,966.5,40,0,32,46,text_layer_good,2,8,143,0,,"直线与圆、圆锥曲线 题型01 直线与圆 题型02 椭圆 题型03 双曲线 题型04 抛物线 题型 01 直线与圆 1 (2024·浙江·校联考一模)圆C:x2+y2-2x+4y=0的圆心C坐标和半径r分别为 ( ) A. C1,-2 1  ,r= 5 B. C1,-2  ,r=5 C. C-1,2  ,r= 5 D. C-1,2  ,r=5 【答案】A 【详解】圆C:x2+y2-2x+4y=0，即C:x-1  2+y+2  2=5， 它的圆心C坐标和半径r分别为C1,-2  ,r= 5. 故选：A. 2 (2024·河南郑州·郑州市宇华实验学校校考一模)“a≤- 5 或a≥ 5”是“圆C :x2+y2=1与圆C :(x 1 2 +a)2+(y-2a)2=36存在公切线”的 ( ) A. 充分而不必要条件 B. 必要而不充分条件 C. 充要条件 D. 既不充分也不必要条件 【答案】C 【详解】圆C 1 的圆心为 0,0  ，半径r 1 =1，圆C 2 的圆心为 -a,2a  ，半径r =6， 2 所以两圆的圆心距为d= C 1 C 2  = a2+4a2 = 5a2， 两圆内含时，即 5a2 < 6-1  ，解得- 5 <a< 5， 所以当两圆有公切线时，a≥ 5 或a≤- 5， 所以“a≤- 5 或a≥ 5”是“圆C :x2+y2=1与圆C :(x+a)2+(y-2a)2=36存在公切线”的充要条件． 1 2 故选：C． 3 (2024·黑龙江齐齐哈尔·统考一模)已知圆C :(x-3)2+y2=1,C :x2+(y-a)2=16，则下列结论正确的 1 2 有 ( ) A. 若圆C 和圆C 外离，则a>4 1 2 B. 若圆C 和圆C 外切，则a=±4 1 2 C. 当a=0时，圆C 和圆C 有且仅有一条公切线 1 2 D. 当a=-2时，圆C 和圆C 相交 1 2 【答案】BCD 【详解】C 13,0  ,C 20,a  ,C 1 C 2  = 9+a2,r =1,r =4. 1 2 若C 1 和C 2 外离，则 C 1 C 2  = 9+a2 >r +r =5，解得a>4或a<-4，故A错误； 1 2 若C 1 和C 2 外切，C 1 C 2  = 9+a2 =5，解得a=±4，故B正确； 当a=0时，C 1 C 2 2  =3=r -r ,C 和C 内切，故C正确； 2 1 1 2 当a=-2时，3< C 1 C 2  = 13 <5,C 和C 相交，故D正确. 1 2 故选：BCD 4 (2024·河南郑州·郑州市宇华实验学校校考一模)在直角坐标系xOy中，直线l 的参数方程为 1 x= 1 s   x y= = 4 3 t t -1 (t为参数)，直线l 2 的参数方程为   y= 2 3s (s为参数). 2 (1)求这两条直线的普通方程(结果用直线的一般式方程表示)； (2)若这两条直线与圆C:(x-3)2+(y-4)2=m2都相离，求m的取值范围. 【答案】(1)l :4x-3y-3=0，l : 3x-y=0 1 2 4-3 3 3 3 -4 (2) <m< 2 2 x=3t 4x=12t 【详解】(1)直线l 1 的参数方程为   y=4t-1 ，则   3y=12t-3 ， 两式相减得4x-3y-3=0 x= 1 s  2 3 直线l 2 的参数方程为  y= 3s ，则s=2x代入y= 2 s， 2 得y= 3x, 3x-y=0； (2)圆C的圆心为 3,4  ，半径为 m  ， 若l ,l 与圆C:(x-3)2+(y-4)2=m2相离， 1 2 12-12-3 所以  > m 5  3 3-4  > m 2   3 > m 5  ，即  3 3-4 > m 2    ， 4-3 3 3 3 -4 解得 <m< . 2 2 5 (2024·重庆·统考一模)过点P作圆C:x2+y2-4x-4 3y+15=0的两条切线，切点分别为A,B，若 △PAB为直角三角形，O为坐标原点，则 OP  的取值范围为 ( ) A. 2- 2,2+ 2  B. 4- 2,4+ 2"
直线与圆重难点1：斜率与距离最值问题(1).pdf,D:\高中数学\2026-08\直线与圆重难点1：斜率与距离最值问题(1).pdf,222273,3,False,,Administrator,WPS 文字,,0,595.3x841.9,1981,709,3,0,3,3,text_layer_good,10,0,24,3,,"专题-1 距离、斜率最值 （4 套，2 页，含答案） 知识点： 数形结合求范围、最值： （1）遇到  x  2 2   y 1 2 这类式子（或(x－2) ²＋(y－1) ²），马上理解成两点距离； y  2 （2）遇到 这类式子，马上理解成两点间斜率； x 1 典型例题： 1. 已知实数 x，y 满足 x ²＋y ²－4x＋1＝0.则 y 的最大值和最小值分别是________和________． x y 3 的范围是___________．x²＋y²的最大值和最小值分别是____和______． x  2 3 x²＋y²＋4y 的最大值是①______ 随堂练习 1： y  3 1. 已知实数 x，y 满足(x＋2) ²＋y ²＝3. 的最大值和最小值分别是______和_______． x 1 y 的最大值和最小值分别是_______和_______． x2  y2 的最大值和最小值分别是______和______， x (x 3)2  (y  2)2 的最大值和最小值分别是______和______． x ²＋y ²＋2y－4x 的最小值是②______ 随堂练习 2： 1. 已知点 M(a，b)在直线 3x＋4y＝15 上，则 a2  b2 的最小值为③ 2. 实数 x，y 满足方程 x＋y－4＝0，则 x²＋2x＋y²－5 的最小值为( ④ ) y y 3. 实数 x，y 满足 x ²＋y ²－6x－6y＋12＝0，则 的最大值为( )； 的最小值为( ⑤ )。 x x y  2 4. 已知实数 x，y 满足 x ²＋y ²＝1，求 的取值范围。（⑥） x 1 专题-1 答案： 3 ， 3 ；[ 3 3,)；7＋4 3，7－4 3；7  4 6 ； 答案：0， 3 ； 3 ， 3 ；2 3 ，2 3 ；48，12；15 2 51 ； 3 3 答案：3；答案： ； 答案：3 2 2 ；3 2 2 ； 答案：[ ,) ； 2 4 第 1 页 共 3 页 学科网（北京）股份有限公司 专题－2 距离、斜率、截距最值 1. 若直线 L：ax＋by＋1＝0 始终平分圆 M：x²＋y²＋4x＋2y＋1＝0 的周长，则(a－2)²＋(b－2)²的最小值为 ( ⑦ ) A. 5 B．5 C．2 5 D．10 y 2. 若实数 x，y 满足(x 2)2  y2  3,则 的最大值是 ⑧ ． x 专题－3 距离、斜率、截距最值 1. 已知点 M(a，b)在直线 3x＋4y＝15 上，则 a2 b2 的最小值为  a  2 2   b 1 2 的最小值为⑨ y 2. 若 P(x，y)在圆(x  3)2  (y  3)2  6 上运动，则 的最大值是_____⑩____ x 专题－2 答案：B； 答案： 3 ；专题－3 答案： 答案：3；1； 答案： 3  2 ； 第 2 页 共 3 页 学科网（北京）股份有限公司 3 ① 答案： 3 ， 3 ；[ ,)；7＋4 3，7－4 3；7  4 6 ； 3 [解析] (1)设 x－y＝b 则 y＝x－b 与圆 x2＋y2－4x＋1＝0 有公共点， |2－b| 即 ≤ 3，∴2－ 6≤b≤2＋ 6 12＋12 故 x－y 最大值为 2＋ 6，最小值为 2－ 6 y |2k| (2)设 ＝k，则 y＝kx 与 x2＋y2－4x＋1＝0，有公共点，即 ≤ 3 x 1＋k2 y ∴ 3≤k≤ 3，故 最大值为 3，最小值为－ 3 x (3)圆心(2,0)到原点距离为 2，半径 r＝ 3 故(2－ 3)2≤x2＋y2≤(2＋ 3)2 由此 x2＋y2最大值为 7＋4 3，最小值为 7－4 3. ② 答案：0， 3 ； 3 ， 3 ；2 3 ，2 3 ；48 ，12；15 2 51 ； ③ 答案：3； 3 ④ 答案： ； 2 ⑤ 答案：3 2 2 ；3 2 2 ； 3 ⑥ 答案：[ ,) ； 4 y (2) 解：令k  ,则k 可看作圆 x2  y2 1上的动点到点(1,2)的连线的斜率 x (1) 3 y  2 3 而相切时的斜率为 ，  。 4 x 1 4"
直线与圆重难点2：与圆有关的轨迹方程（含解析）(1).pdf,D:\高中数学\2026-08\直线与圆重难点2：与圆有关的轨迹方程（含解析）(1).pdf,1543126,23,False,,学科网(Zxxk.Com),WPS 文字,,0,595.3x841.9,17898,841,23,0,23,110,text_layer_good,50,0,38,0,,"拓展：与圆有关的轨迹问题 知识点 1 5 种定义形式的圆 1、“定义圆”：在平面内，到定点的距离等于定长的点的集合. 数学语言描述为：在平面内，{M | MA  r}，其中 M 为动点，A 为定点，r  0为定值. 2、“斜率圆”：在平面内，与两定点斜率之积为-1 的点的集合（除去定点所在垂直于 x 轴的直线与曲线的交 点）. 数学语言描述为∶在平面内，{M | k k  1} ，其中 M 为动点，A，B 为定点.且点 M 的横坐标不等 MA MB 于 A，B 的横坐标. 3、“平方圆”：在平面内，到两定点距离的平方和为定值的点的集合. 数学语言描述为：在平面内，{M | MA2  MB2  }，其中 M 为动点，A，B 为定点，λ为定值. a c b  d  1 注：若 A(a,b).B(c,d) ，则点 M 的轨迹方程为(x  )2 (y  )2   [(a c)2 (b d)2] ， 2 2 2 4 1 此时 [(a  c)2  (b d)2]. 2 4、“向量圆”：在平面内，与两定点形成向量的数量积为定值的点的集合.   数学语言描述为∶在平面内，{M | MAMB  }，其中 M 为动点，A，B 为定点，λ为定值 学学学学 科科科科 网网网网 （（（（ 北北北北 京京京京 ）））） 股股股股 份份份份 有有有有 限限限限 公公公公 司司司司 a c b  d 1 注：若 A(a,b).B(c,d) ，则点 M 的轨迹方程为(x  )2 (y  )2   [(a c)2 (b d)2] ， 2 2 4 1 此时  [(a c)2  (b d)2] . 4   特别地,若 A，B 为定点，且 MAMB  0，则点 M 的轨迹是以 AB 为直径的圆 拓展：“角度圆”：在平面内，与两定点所成角为定值的点的集合.（角度可用向量的夹角公式表示） 5、“比值圆”（阿波罗尼斯圆）：在平面内，到两定点距离之比为定值的点的集合. MA 数学语言描述为：{M | }，其中 M 为动点，A，B 为定点，为定值，>0 且≠1. MB 注：当1时，M 的轨迹是线段 AB 的垂直平分线. 6、这些圆彼此之间的联系： （1）斜率圆可以看成向量圆的特例，即两向量互相垂直时可以转化为两直线斜率之积等于-1,需要注意斜率 不存在的情形.也就是说数量积为零比斜率之积为-1 更一般. （2）比值圆与平方圆是一样的，都是用两点间距离公式求解. 知识点 2 注意“轨迹”与“轨迹方程”的区别 1、“轨迹”是图形，“轨迹方程”是方程. 2、求轨迹方程后要检验 求轨迹方程后一定要注意检验轨迹的纯粹性和完备性，在所得的方程中删去或补上相应的特殊点，以 保证方程的解与曲线上的点具有一一对应关系. 考点一 直接法求轨迹 解题方略： 直接法是指将动点满足的几何条件或者等量关系，直接坐标化，列出等式，然后化简而求出动点轨 迹方程的一种方法．此法的一般步骤∶建系、设点、列式、化简、限制说明. 注：（1）根据已知条件及一些基本公式（两点间距离公式、点到直线的距离公式、直线斜率公式等） （2）根据公式直接列出动点满足的等量关系式，从而得到轨迹方程。 （3）注意“多点”和“少点”，一般情况下，斜率和三角形顶点等约束条件 （1）“斜率圆” 学学学学 科科科科 网网网网 （（（（ 北北北北 京京京京 ）））） 股股股股 份份份份 有有有有 限限限限 公公公公 司司司司 1．已知点 A2,0， B2,0 ，C  4,3  ，动点 P 满足 PA  PB，则 PC 的取值范围为（ ） A． 2,5  B．2,8 C．3,7 D． 4,6  【解析】由题设，P 在以| AB|为直径的圆上，令P(x, y) ，则 x2  y2  4(P 不与 A,B重合)， 所以 PC 的取值范围，即为C  4,3  到圆 x2  y2  4上点的距离范围， 又圆心(0,0)到C的距离d  (40)2 (30)2  5，圆的半径为 2， 所以 PC 的取值范围为[d r,d r]，即3,7 . 故选：C 2．已知圆C :"
直线与圆重难点3： 圆中的范围与最值问题(1).pdf,D:\高中数学\2026-08\直线与圆重难点3： 圆中的范围与最值问题(1).pdf,2142706,55,False,,高三015,WPS 文字,,8,595.3x841.9,34518,639,55,0,55,155,text_layer_good,69,11,150,0,,"圆中的范围与最值问题 题型一：斜率型 题型三：距离型 题型七：长度型 学学科科网网（（北北京京））股股份份有有限限公公司司 题型一：斜率型 例 1．（2022·福建南平·三模）已知Pm,n为圆C：x12 y12 1上任意一点， n1 则 的最大值为___________． m1 3 【答案】 【解析】 3 n1 n1 n1 由于  ，故 表示Pm,n和1,1连线的斜率，设M 1,1，如图所示， m1 m(1) m1 n1 当MP 与圆相切时， 取得最大值， m1 k 1 k 1 设此时MP: y1 k(x1)，即kx yk 1 0，又圆心1,1，半径为 1，故 1， k2 1 3 解得k   ， 3 n1 3 故 的最大值为 ． m1 3 3 故答案为： ． 3 例 2．（多选题）（2022·山东泰安·三模）已知实数x，y满足方程 x2  y2 4x2y4 0， 则下列说法正确的是（ ） y 4 y A． 的最大值为 B． 的最小值为 0 x 3 x C． x2 y2的最大值为 5 1 D． x＋y 的最大值为3 2 学学科科网网（（北北京京））股股份份有有限限公公司司 【答案】ABD 【解析】由实数x，y满足方程 x2  y2 4x2y4 0可得点(x,y)在圆x 22 y 12 1 上，作其图象如下， y 因为 表示点(x,y)与坐标原点连线的斜率， x 2k 1 4 设过坐标原点的圆的切线方程为 y  kx ，则 1，解得：k  0或k  ， k2 1 3 y  4  y  4  y     0,  ，   ，   0，A，B正确； x  3  x  3  x  max min x2 y2表示圆上的点(x,y)到坐标原点的距离的平方，圆上的点(x,y)到坐标原点的距 离的最大值为 OC +1， 所以 x2 y2最大值为  OC 1 2 ，又 OC  22 12 ， 所以 x2 y2的最大值为6 2 5 ，C错， 因为 x2  y2 4x2y4 0可化为x 22 y 12 1， 故可设 x  2cos， y 1sin，   所以 x＋y  2cos1sin 3 2sin ，  4   2 2 所以当= 时，即 x  2 , y 1 时 x＋y取最大值，最大值为3 2 ，D对， 4 2 2 故选：ABD． 学学科科网网（（北北京京））股股份份有有限限公公司司 例 3．（2022·全国·高三专题练习（理））在正三角形 ABC 中，M 为BC 中点，P 为 PA 三角形内一动点，且满足PA  2PM ，则 最小值为（ ） PB 6 2 3 A．1 B． C． D． 4 2 2 【答案】D   【解析】以M 为坐标原点，MC,MA正方向为 x, y 轴，可建立如图所示平面直角坐 标系， 不妨设正三角形 ABC 的边长为2，则 A  0, 3  ，M 0,0 ，B1,0， 设Px, y，则PA2  x2   y  3 2 ，PM2  x2  y2， PA  2PM ，PA2  4PM 2 ，  2 2 3 x2  y 3  4x2  4y2 ，即 x2  y2  y 1 0； 3 2  3 4 P点轨迹为： x2  y    y  0，    3  3 4 PA2 4PM 2 4  x2  y2  4  x2  y2  4 4   1  PB2  PB2  x 12  y2  x2 y2  2x 1  1 2x 1  1 2x 1 1 3  x 2   ； x2  y2 1 2 3 y   y  3   3  2  1 PA2 PA 当 x   时，  4，  2 ； 2 PB2 PB 3 当 x   1 时，令t  y  2 ，则t"
直线与圆重难点4：圆交线、圆切线的最值分析（含解析）(1).pdf,D:\高中数学\2026-08\直线与圆重难点4：圆交线、圆切线的最值分析（含解析）(1).pdf,360331,7,False,,Administrator,WPS 文字,,1,595.3x841.9,4204,840,7,0,7,12,text_layer_good,27,0,48,7,,专题-1 圆交线、圆切线的最值分析 （4 套，4 页，含答案） 知识点： 点圆距离最值： （1）圆外一点 B，圆上一动点 P，讨论|PB|的最值 PB  BN  BC r min PB  BM  BC r max （2）圆内一点 A，圆上一动点 P，讨论|PA|的最值 PA  AN  r  AC min PA  AM  r  AC max 直线和圆距离最值： 有圆 O，半径 r，直线 L，M 点在圆周上运动， 圆心 O 到直线 L，距离为 d，则 M 到直线距离最大 值：d＋r；距离最小值：d－r； 基础例题 1： 1. 已知点 P（－3，4），点 M 是圆(x－4)²＋y²＝9 上一动点，求 M、P 距离的最大值和最小值。（①） 2. 已知圆 C：(x－ 3)2＋(y－1)2＝4 和直线 L：x－y＝5，求 C 上的点到直线 L 的距离的最大值与最小值．② 第 1 页 共 7 页 学科网（北京）股份有限公司 随堂练习 1： 1. 已知点 A（2，－3），点 B 是圆 x²＋(y＋4)²＝10 上一动点，求 B、A 距离的最大值和最小值。（③） 2. 已知两点 A(－2，0)，B(0，2)，点 C 是圆 x²＋y²－2x＝0 上任意一点，则△ABC 面积的最小值是( ④ ) 2 3－ 2 A．3－ 2 B．3＋ 2 C．3－ D． 2 2 3. 若圆 C：x²＋y²＝4 上的点到直线 L：y＝x＋a 的最小距离为 2，则 a＝（ ⑤ ） A．2 2 B．4 2 C．2 2 D．4 2 典型例题 2： 1. 若圆(x－3)²＋(y＋5)²＝r²上有且只有两点到直线 4x－3y＝2 的距离为 1， 则半径 r 的取值范围是（ ） A (4，6) B [4，6) C (4，6] D [4，6] 随堂练习 2： 1. 圆(x－3) ²＋(y－3) ²＝9 上到直线 3x＋4y－11＝0 的距离等于 1 的点的个数有（⑥ ） (A)1 (B)2 (C)3 (D)4 2. 能够使得圆 x²＋y²－2x＋4y＋1＝0 上恰有两个点到直线 2x＋y＋c＝0 的距离等于 1 的 c 的一个 值为（ ） A.2 B. 5 C.3 D.3 5 知识点 3： 圆交线最值： 设圆心为 O，圆内一点 A，过 A 点并且与 AO 垂直的弦最短；过 A 点并且过圆心的弦最长。 圆切线最值： 设圆心为 O，点 P 在圆外的一条直线 m 上运动，过点 P 作圆的两条切线，当点 OP 垂直于 m 时， 切线最短。 典型例题 3： 1. 已知圆的方程为 x²＋y²－6x－8y＝0.设该圆过点(3，5)的最长弦和最短弦分别为 AC 和 BD，则四边形 ABCD 的面积为( ) A.10 6 B.20 6 C.30 6 D.40 6 6 6 专题-1 两页答案： 65 3， 65 3； 答案：最大值为 3 2－ ＋2，最小值为 3 2－ －2； 2 2 答案： 10  5 ， 10  5 ； 答案：A； 答案：D； 答案：A； 答案：C；答案：C；答案：B； 第 2 页 共 7 页 学科网（北京）股份有限公司 2. 已知 P 是直线 3x＋4y＋8＝0 上的动点，PA、PB 是圆 C：x ²＋y ²－2x－2y＋1＝0 的两条切线，A、B 是切 点． (1)求四边形 PACB 面积的最小值； (2)直线上是否存在点 P，使∠BPA＝60°，若存在，求出 P 点的坐标；若不存在，说明理由． 随堂练习 3： 1. M(3，0)是圆 x ²＋y ²－8x－2y＋10＝0 内一点，过 M 点最长的弦所在的直线方程是( ) A．x＋y－3＝0 B．x－y－3＝0 C．2x－y－6＝0 D．2x＋y－6＝0 2. 由直线 y＝x＋1 上的一点向圆(x－3) ²＋y ²＝1 引切线，则切线长的最小值为( ) A．1 B．2 2 C. 7 D．3 专题-2 圆交线、圆切线的最值分析 1. 已知点 P（3，－2），点 M 是圆(x＋2) ²＋(y－1) ²＝6 上一动点，求 M、P 距离的最大值和最小值。（ ） 2. 已知点 A 在直线 2x＋3y－6＝0 上运动，另一点 B 在圆(x＋1) ²＋y ²＝1 上运动，则|AB|的最小值是（ ） Ａ 8 13
秒杀高考导数【导数精讲+十年真题】(1).pdf,D:\高中数学\2026-08\秒杀高考导数【导数精讲+十年真题】(1).pdf,13391229,130,False,,,,,0,595.3x841.9,66019,369.5,130,0,82,3760,text_layer_good,302,11,163,0,,"导数与函数核心考点 目 录 题型一 切线型 1.求在某处的切线方程 2.求过某点的切线方程 3.已知切线方程求参数 题型二 单调型 1.主导函数需“二次求导”型 2.主导函数为“一次函数”型 3.主导函数为“二次函数”型 4.已知函数单调性，求参数范围 题型三 极值最值型 1.求函数的极值 2.求函数的最值 3.已知极值求参数 4.已知最值求参数 题型四 零点型 1.零点(交点，根)的个数问题 2.零点存在性定理的应用 3.极值点偏移问题 题型五 恒成立与存在性问题 1.单变量型恒成立问题 2.单变量型存在性问题 3.双变量型的恒成立与存在性问题 4.等式型恒成立与存在性问题 题型六 与不等式有关的证明问题 1.单变量型不等式证明 2.含有 ex与 lnx的不等式证明技巧 3.多元函数不等式的证明 4.数列型不等式证明的构造方法 1 题型一 切线型 1.求在某处的切线方程 3x² 例 1.【2015重庆理 20】求函数 f(x)＝ 在点(1，f(1))处的切线方程. ex 3x² 6x－3x² 3 3 解：由 f(x)＝ ，得 f′(x)＝ ，切点为(1， )，斜率为 f′(1)＝ e e ex ex 3 3 3 3 由 f(1)＝ ，得切点坐标为(1， )，由 f′(1)＝ ，得切线斜率为 ； e e e e 3 3 ∴切线方程为 y－ ＝ (x－1)，即 3x－ey＝0. e e 1 例 2.求 f(x)＝ex(＋2)在点(1，f(1))处的切线方程. x 1 1 1 解：由 f(x)＝ex(＋2)，得 f′(x)＝ex(－ ＋ ＋2) x x² x 由 f(1)＝3e，得切点坐标为(1,3e)，由 f′(1)＝2e，得切线斜率为 2e； ∴切线方程为 y－3e＝2e(x－1)，即 2ex－y＋e＝0. 1－x 例 3.求 f(x)＝ln 在点(0，f(0))处的切线方程. 1＋x 1－x 1 1 解：由 f(x)＝ln ＝ln(1－x)－ln(1＋x)，得 f′(x)＝－ － 1＋x 1－x 1＋x 由 f(0)＝0，得切点坐标为(0，0)，由 f′(0)＝－2，得切线斜率为－2； ∴切线方程为 y＝－2x，即 2x＋y＝0. x² 例 4.【2015全国新课标理 20⑴】在直角坐标系 xoy中，曲线 C：y= 与 4 直线 l：y=kx＋a(a＞0)交于 M，N两点，当 k＝0时，分别求 C在点 M与 N处的 切线方程. x² 解：由题意得：a= ，则 x＝±2 a，即 M(－2 a，a)，N(2 a，a)， 4 x² x 由 f(x)＝ ，得 f′(x)＝ ， 4 2 当切点为 M(－2 a，a)时，切线斜率为 f′(－2 a)＝－ a， 此时切线方程为： ax＋y＋a＝0； 当切点为 N(2 a，a)时，切线斜率为 f′(2 a)＝ a， 此时切线方程为： ax－y－a＝0； 解题模板一 求在某处的切线方程 2 ⑴写出 f(x)； ⑵求出 f′(x)； ⑶写出切点(x，f(x))； 0 0 ⑷切线斜率 k＝f′(x)； 0 ⑸切线方程为 y－f(x)＝f′(x)(x－x). 0 0 0 2.求过某点的切线方程 点 P在曲线上 点 P不在曲线上 点 P在曲线上 切点 不是切点 不确定是切点 OP o O O P P o o Step1 设切点为(x，f(x))，则切线斜率 f′(x)，切线方程为： 0 0 0 y－f(x)＝f′(x)(x－x) 0 0 0 Step2 因为切线过点(a，b)，所以 b－f(x)＝f′(x)(a－x)，解得 x＝x或 x＝x 0 0 0 0 1 0 2 Step2 当 x＝x时，切线方程为 y－f(x)＝f′(x)(x－x) 0 1 1 0 1 当 x＝x时，切线方程为 y－f(x)＝f′(x)(x－x) 0 2 2 0 2 1 4 例 1.求 f(x)＝ x3＋ 过点 P(2，4)的切线方程. 3 3 1 4 解：设切点为(x， x3＋ )，则切线斜率 f′(x)＝x²， 0 0 0 0 3 3 1 4 所以切线方程为：y－ x3＋ ＝x²(x－x)， 0 0 0 3 3 1 4 由切线经过点 P(2，4)，可得 4－ x3＋ ＝x²(2－x)，整理得：x3－3x²＋ 0 0 0 0 0"
立体几何必考经典解答题全归类【十大题型】（举一反三）（新高考专用）（原卷版）(1).pdf,D:\高中数学\2026-08\立体几何必考经典解答题全归类【十大题型】（举一反三）（新高考专用）（原卷版）(1).pdf,1643930,31,False,,,Microsoft Office Word,,11,595.3x841.9,16020,427,31,0,31,123,text_layer_good,33,20,30,31,,立体几何必考经典解答题全归类【十大题型】 【题型 1 立体几何中的体积问题】........................................................................................................................4 【题型 2 立体几何中的线段长度问题】................................................................................................................5 【题型 3 空间角问题】............................................................................................................................................7 【题型 4 空间点、线、面的距离问题】................................................................................................................9 【题型 5 立体几何中的作图问题】......................................................................................................................11 【题型 6 立体几何中的折叠问题】......................................................................................................................14 【题型 7 立体几何中的轨迹问题】......................................................................................................................16 【题型 8 立体几何中的探索性问题】..................................................................................................................17 【题型 9 立体几何建系繁琐问题（几何法）】..................................................................................................20 【题型 10 新情景、新定义下的立体几何问题】................................................................................................21 1、立体几何必考经典解答题全归类 空间向量与立体几何是高考的重点、热点内容，空间向量是将空间几何问题坐标化的工具，属于高考 的必考内容之一.从近几年的高考情况来看，立体几何解答题的基本模式是论证推理与计算相结合，以某个 空间几何体为依托，分步设问，逐层加深；第一小问主要考察空间线面位置关系的证明，难度较易；第二、 三小问一般考察空间角、空间距离与几何体的体积等，难度中等偏难；空间向量作为求解空间角的有力工 具，通常在解答题中进行考查，解题时需要灵活建系． 【知识点 1 空间几何体表面积与体积的常见求法】 1．求几何体体积的常用方法 (1)公式法：直接代入公式求解. (2)等体积法：四面体的任何一个面都可以作为底面，只需选用底面面积和高都易求出的形式即可. (3)补体法：将几何体补成易求解的几何体，如棱锥补成棱柱，三棱柱补成四棱柱等. (4)分割法：将几何体分割成易求解的几部分，分别求体积. 学科网（北京）股份有限公司 2．求组合体的表面积
统计与概率：条件概率、全概率公式与贝叶斯公式、全概率公式与数列综合复习讲义（解析版）(1).pdf,D:\高中数学\2026-08\统计与概率：条件概率、全概率公式与贝叶斯公式、全概率公式与数列综合复习讲义（解析版）(1).pdf,834020,46,False,Untitled,,EduEditer 2.0.8.X,EduEditer 2.0.8.X,0,595.3x841.9,54027,1185.0,46,0,2,2,text_layer_good,99,0,173,1,,"统计与概率：条件概率、全概率公式与贝叶斯公式、全概率公式与数列综合复习讲义 考点一 条件概率 【知识点解析】 1．条件概率的概念 PAB 一般地，设A，B 为两个事件，且P(A) > 0，称P(B|A) = 1  PA  为在事件A 发生的条件下，事件B 发生 的条件概率．P(B|A) 读作A 发生的条件下B 发生的概率． 注意：(1)条件概率P(B|A) 中“|”后面就是条件；(2)若P(A) = 0，表示条件A 不可能发生，此时用条件概率 公式计算P(B|A) 就没有意义了，所以条件概率计算必须在P(A) > 0 的情况下进行． 2．条件概率的性质 (1)条件概率具有概率的性质，任何事件的条件概率都在0和1之间． (2)必然事件的条件概率为1，不可能事件的条件概率为0． (3)如果B 和C 是两个互斥事件，则P(B ∪ C|A) = P(B|A) + P(C|A)． 3．条件概率的计算方法 P(AB) (1)利用定义计算：先分别计算概率P(AB) 和P(A)，然后代入公式P(B|A) = 即可． P(A) (2)借助古典概型计算概率的公式：先求事件A 包含的基本事件数n(A)，再在事件A 发生的条件下求事件 nAB B 包含的基本事件数n(AB)，则P(B|A) =  nA  ． 【例题分析】 1. (24 - 25 高二下·甘肃白银·期末) 一枚骰子连续抛掷两次，在第一次抛出的点数是 6 的情况下， 第二次抛出的点数是奇数的概率为 ( ) 1 1 1 1 A. B. C. D. 2 6 3 4 【答案】A 【详解】设事件A为“第一次抛出的是点数6”，事件B为“第二次抛出的是奇数点”． 则PBA  1 1 P(AB) 6 × 2 1 = = = ． P(A) 1 2 6 故选：A. 2. (24 - 25 高二下·陕西安康·期末) 某机场进行数据分析，发现航班延误小时数 Y 与航班起飞前雷 暴雨发生时间 X(单位：小时) 存在一定关系，具体数据如下表： X 0 < X < 1 1 ≤ X < 2 2 ≤ X < 3 X ≥ 3 Y 1 3 4 4.5 根据机场多年数据统计，X 小于 1，2，3 的概率分别为 0.4，0.7，0.9，若某航班起飞前已经发生 了 1 小时雷暴雨，则其延误时间不超过 4 小时的概率为 ( ) 1 1 2 5 A. B. C. D. 3 2 3 6 【答案】D 【详解】由概率的加法公式可得PX≥1 2  =1-P(X<1)=0.6,P(1≤ X<3)=0.9-0.4=0.5， 故PY≤4∣X≥1  P(1≤X<3) =P(X<3∣ X≥1)= PX≥1  0.5 5 = = ． 0.6 6 故选：D．  3. (24 - 25 高二下·重庆·期末) 记 A 为事件 A 的对立事件，且 PA   2 = ，PAB 3  1 = ，PB 5  = 5 ，则 PA+B 12  = ( ) 1 2 3 5 A. B. C. D. 2 3 4 6 【答案】C  1   【详解】由题意得P(A)= ，P(AB)=PAB 3  PB  1 5 1 = × = ， 5 12 12 因为P(B)=PA∩B   +PA∩B  ，得PA∩B   =P(B)-PA∩B  5 1 1 = - = ， 12 12 3 则PA+B  =PA  +PB  -PAB  2 5 1 3 = + - = . 3 12 3 4 故选：C. 4. (24 - 25 高二下·安徽合肥·期末) 已知随机事件 A，B，PA  1  = ，PBA 2  2   = ，PAB 3  = 3 ，则 PB 4  等于 ( ) 2 2 7 1 A. B. C. D. 9 7 9 7 【答案】C  【详解】因为PBA  2   = ，所以PBA 3  2 1 =1- = ， 3 3   所以PAB    =PBA   PA  1 1 = × 1- 3 2  1  = ，所以PB 6    PAB =    PAB  1 6 2 = = ， 3 9 4 所以PB"
重难点培优 解三角形解答题题型全归纳（学生版）(1).pdf,D:\高中数学\2026-08\重难点培优 解三角形解答题题型全归纳（学生版）(1).pdf,995158,40,False,Untitled,,EduEditer 2.0.8.X,EduEditer 2.0.8.X,6,595.3x841.9,15573,332.0,40,0,23,40,text_layer_good,90,14,23,0,,"解三角形解答题题型全归纳 目录 01 知识重构・重难梳理固根基2 02 题型精研・技巧通法提能力 5 题型一 三角函数结合三角恒等变换(★★★★)5 题型二 三角形面积问题(★★★★★)8 题型三 三角形周长、边问题(★★★★★)10 题型四 三线(中线、角平分线、垂线)问题(★★★★★) 13 题型五 几何图形类问题(★★★★★)17 题型六 结合三角形“四心”问题(★★★★) 20 题型七 证明类问题(★★★)24 03 实战检测・分层突破验成效27 检测Ⅰ组 重难知识巩固 27 检测Ⅱ组 创新能力提升37 1 知识重构・重难梳理固根基 一、降幂公式 1 1-cos2α 1+cos2α sinαcosα = sin2α;sin2α = ;cos2α = ; 2 2 2 二、辅助角公式 b a b asinα+bcosα= a2+b2sin(α+ϕ)(其中sinϕ= ，cosϕ= ，tanϕ= )． a2+b2 a2+b2 a 三、三角形角的关系 A B C π (1)ΔABC 中，A + B + C = π, + + = 2 2 2 2 (2)sin(A + B) = sin(π - C) = sinC，cos(A + B) = cos(π - C) =-cosC A+B π C (3)sin = sin - 2 2 2 2  C A+B π"
（解析）高一数学题型汇编（不等式、函数和三角函数）（解析）(1).pdf,D:\高中数学\2026-08\（解析）高一数学题型汇编（不等式、函数和三角函数）（解析）(1).pdf,11440949,603,False,,,,,9,595.3x841.9,531902,868,602,1,172,378,text_layer_good,372,0,3271,0,,第一章 不等式答案目录 1.1 基本不等式...............................................................................................................................2 1.1.1 基础运用类型..............................................................................................................2 1.1.2 多次运用不等式类型................................................................................................. 4 1.1.3 单变量分式类型..........................................................................................................7 1.1.4 和积互换类型..............................................................................................................9 1.1.5 代入消元类型............................................................................................................12 1.1.6 添项配凑类型............................................................................................................16 1.1.7 待定系数配凑类型....................................................................................................19 1.1.8 分式双换元类型........................................................................................................21 1.1.9 因式分解双换元类型............................................................................................... 24 1.1.10 三角换元类型..........................................................................................................28 1.1.11 多元均值不等式类型............................................................................................. 33 1.1.12 齐次化类型..............................................................................................................35 1.2 基本不等式 1 的妙用........................................................................................................39  m n  1.2.1     pa qb 类型.......................................................
